mode: set
github.com/gosharplite/tell-me-go/internal/tools/backup.go:34.74,35.20 1 1
github.com/gosharplite/tell-me-go/internal/tools/backup.go:35.20,37.3 1 0
github.com/gosharplite/tell-me-go/internal/tools/backup.go:38.2,41.3 1 1
github.com/gosharplite/tell-me-go/internal/tools/backup.go:45.62,50.16 4 1
github.com/gosharplite/tell-me-go/internal/tools/backup.go:50.16,52.3 1 0
github.com/gosharplite/tell-me-go/internal/tools/backup.go:54.2,55.16 2 1
github.com/gosharplite/tell-me-go/internal/tools/backup.go:55.16,58.3 1 1
github.com/gosharplite/tell-me-go/internal/tools/backup.go:60.2,68.34 3 1
github.com/gosharplite/tell-me-go/internal/tools/backup.go:68.34,70.3 1 1
github.com/gosharplite/tell-me-go/internal/tools/backup.go:74.53,78.25 3 1
github.com/gosharplite/tell-me-go/internal/tools/backup.go:78.25,80.3 1 0
github.com/gosharplite/tell-me-go/internal/tools/backup.go:82.2,82.12 1 1
github.com/gosharplite/tell-me-go/internal/tools/backup.go:82.12,84.3 1 0
github.com/gosharplite/tell-me-go/internal/tools/backup.go:86.2,88.56 3 1
github.com/gosharplite/tell-me-go/internal/tools/backup.go:88.56,91.56 2 1
github.com/gosharplite/tell-me-go/internal/tools/backup.go:91.56,93.4 1 0
github.com/gosharplite/tell-me-go/internal/tools/backup.go:95.3,95.26 1 1
github.com/gosharplite/tell-me-go/internal/tools/backup.go:95.26,97.70 1 1
github.com/gosharplite/tell-me-go/internal/tools/backup.go:97.70,99.5 1 0
github.com/gosharplite/tell-me-go/internal/tools/backup.go:100.4,100.82 1 1
github.com/gosharplite/tell-me-go/internal/tools/backup.go:101.9,102.76 1 1
github.com/gosharplite/tell-me-go/internal/tools/backup.go:102.76,104.5 1 0
github.com/gosharplite/tell-me-go/internal/tools/backup.go:105.4,105.68 1 1
github.com/gosharplite/tell-me-go/internal/tools/backup.go:108.3,108.10 1 1
github.com/gosharplite/tell-me-go/internal/tools/backup.go:112.2,114.78 2 1
github.com/gosharplite/tell-me-go/internal/tools/dev.go:21.57,85.2 7 1
github.com/gosharplite/tell-me-go/internal/tools/dev.go:87.107,91.53 2 1
github.com/gosharplite/tell-me-go/internal/tools/dev.go:91.53,93.3 1 0
github.com/gosharplite/tell-me-go/internal/tools/dev.go:95.2,96.19 2 1
github.com/gosharplite/tell-me-go/internal/tools/dev.go:96.19,98.3 1 0
github.com/gosharplite/tell-me-go/internal/tools/dev.go:101.2,101.45 1 1
github.com/gosharplite/tell-me-go/internal/tools/dev.go:101.45,103.3 1 1
github.com/gosharplite/tell-me-go/internal/tools/dev.go:106.2,107.21 2 1
github.com/gosharplite/tell-me-go/internal/tools/dev.go:107.21,109.3 1 0
github.com/gosharplite/tell-me-go/internal/tools/dev.go:111.2,121.75 3 1
github.com/gosharplite/tell-me-go/internal/tools/dev.go:121.75,123.3 1 0
github.com/gosharplite/tell-me-go/internal/tools/dev.go:125.2,125.9 1 1
github.com/gosharplite/tell-me-go/internal/tools/dev.go:125.9,129.3 3 1
github.com/gosharplite/tell-me-go/internal/tools/dev.go:132.2,136.16 4 1
github.com/gosharplite/tell-me-go/internal/tools/dev.go:136.16,138.3 1 0
github.com/gosharplite/tell-me-go/internal/tools/dev.go:141.2,142.22 2 1
github.com/gosharplite/tell-me-go/internal/tools/dev.go:142.22,144.3 1 0
github.com/gosharplite/tell-me-go/internal/tools/dev.go:146.2,146.70 1 1
github.com/gosharplite/tell-me-go/internal/tools/dev.go:149.105,150.9 1 0
github.com/gosharplite/tell-me-go/internal/tools/dev.go:150.9,154.3 3 0
github.com/gosharplite/tell-me-go/internal/tools/dev.go:156.2,157.54 2 0
github.com/gosharplite/tell-me-go/internal/tools/dev.go:157.54,159.3 1 0
github.com/gosharplite/tell-me-go/internal/tools/dev.go:161.2,162.53 2 0
github.com/gosharplite/tell-me-go/internal/tools/dev.go:162.53,164.3 1 0
github.com/gosharplite/tell-me-go/internal/tools/dev.go:166.2,166.78 1 0
github.com/gosharplite/tell-me-go/internal/tools/dev.go:169.110,173.53 2 0
github.com/gosharplite/tell-me-go/internal/tools/dev.go:173.53,175.3 1 0
github.com/gosharplite/tell-me-go/internal/tools/dev.go:177.2,178.16 2 0
github.com/gosharplite/tell-me-go/internal/tools/dev.go:178.16,180.3 1 0
github.com/gosharplite/tell-me-go/internal/tools/dev.go:182.2,182.9 1 0
github.com/gosharplite/tell-me-go/internal/tools/dev.go:182.9,186.3 3 0
github.com/gosharplite/tell-me-go/internal/tools/dev.go:188.2,191.16 3 0
github.com/gosharplite/tell-me-go/internal/tools/dev.go:191.16,193.3 1 0
github.com/gosharplite/tell-me-go/internal/tools/dev.go:196.2,198.16 3 0
github.com/gosharplite/tell-me-go/internal/tools/dev.go:198.16,200.3 1 0
github.com/gosharplite/tell-me-go/internal/tools/dev.go:203.2,206.21 3 0
github.com/gosharplite/tell-me-go/internal/tools/dev.go:206.21,208.3 1 0
github.com/gosharplite/tell-me-go/internal/tools/dev.go:210.2,210.56 1 0
github.com/gosharplite/tell-me-go/internal/tools/dev.go:213.108,214.9 1 0
github.com/gosharplite/tell-me-go/internal/tools/dev.go:214.9,218.3 3 0
github.com/gosharplite/tell-me-go/internal/tools/dev.go:221.2,222.58 2 0
github.com/gosharplite/tell-me-go/internal/tools/dev.go:222.58,224.3 1 0
github.com/gosharplite/tell-me-go/internal/tools/dev.go:224.8,224.63 1 0
github.com/gosharplite/tell-me-go/internal/tools/dev.go:224.63,226.3 1 0
github.com/gosharplite/tell-me-go/internal/tools/dev.go:226.8,228.3 1 0
github.com/gosharplite/tell-me-go/internal/tools/dev.go:230.2,231.19 2 0
github.com/gosharplite/tell-me-go/internal/tools/dev.go:231.19,233.3 1 0
github.com/gosharplite/tell-me-go/internal/tools/dev.go:235.2,236.22 2 0
github.com/gosharplite/tell-me-go/internal/tools/dev.go:236.22,238.3 1 0
github.com/gosharplite/tell-me-go/internal/tools/dev.go:240.2,240.49 1 0
github.com/gosharplite/tell-me-go/internal/tools/dev.go:243.111,248.53 2 0
github.com/gosharplite/tell-me-go/internal/tools/dev.go:248.53,250.3 1 0
github.com/gosharplite/tell-me-go/internal/tools/dev.go:252.2,253.16 2 0
github.com/gosharplite/tell-me-go/internal/tools/dev.go:253.16,255.3 1 0
github.com/gosharplite/tell-me-go/internal/tools/dev.go:256.2,257.17 2 0
github.com/gosharplite/tell-me-go/internal/tools/dev.go:257.17,259.3 1 0
github.com/gosharplite/tell-me-go/internal/tools/dev.go:261.2,261.9 1 0
github.com/gosharplite/tell-me-go/internal/tools/dev.go:261.9,265.3 3 0
github.com/gosharplite/tell-me-go/internal/tools/dev.go:267.2,269.16 3 0
github.com/gosharplite/tell-me-go/internal/tools/dev.go:269.16,271.3 1 0
github.com/gosharplite/tell-me-go/internal/tools/dev.go:273.2,273.49 1 0
github.com/gosharplite/tell-me-go/internal/tools/dev.go:276.119,277.9 1 0
github.com/gosharplite/tell-me-go/internal/tools/dev.go:277.9,281.3 3 0
github.com/gosharplite/tell-me-go/internal/tools/dev.go:283.2,283.56 1 0
github.com/gosharplite/tell-me-go/internal/tools/dev.go:283.56,285.3 1 0
github.com/gosharplite/tell-me-go/internal/tools/dev.go:287.2,290.19 3 0
github.com/gosharplite/tell-me-go/internal/tools/dev.go:290.19,292.3 1 0
github.com/gosharplite/tell-me-go/internal/tools/dev.go:294.2,294.49 1 0
github.com/gosharplite/tell-me-go/internal/tools/filesystem.go:28.64,224.2 13 1
github.com/gosharplite/tell-me-go/internal/tools/filesystem.go:226.115,230.53 2 1
github.com/gosharplite/tell-me-go/internal/tools/filesystem.go:230.53,232.3 1 0
github.com/gosharplite/tell-me-go/internal/tools/filesystem.go:234.2,235.16 2 1
github.com/gosharplite/tell-me-go/internal/tools/filesystem.go:235.16,237.3 1 0
github.com/gosharplite/tell-me-go/internal/tools/filesystem.go:239.2,239.46 1 1
github.com/gosharplite/tell-me-go/internal/tools/filesystem.go:239.46,241.3 1 0
github.com/gosharplite/tell-me-go/internal/tools/filesystem.go:243.2,244.16 2 1
github.com/gosharplite/tell-me-go/internal/tools/filesystem.go:244.16,246.3 1 1
github.com/gosharplite/tell-me-go/internal/tools/filesystem.go:248.2,250.32 3 1
github.com/gosharplite/tell-me-go/internal/tools/filesystem.go:250.32,252.20 2 1
github.com/gosharplite/tell-me-go/internal/tools/filesystem.go:252.20,254.4 1 1
github.com/gosharplite/tell-me-go/internal/tools/filesystem.go:255.3,255.66 1 1
github.com/gosharplite/tell-me-go/internal/tools/filesystem.go:258.2,258.49 1 1
github.com/gosharplite/tell-me-go/internal/tools/filesystem.go:261.113,266.53 2 0
github.com/gosharplite/tell-me-go/internal/tools/filesystem.go:266.53,268.3 1 0
github.com/gosharplite/tell-me-go/internal/tools/filesystem.go:270.2,271.16 2 0
github.com/gosharplite/tell-me-go/internal/tools/filesystem.go:271.16,273.3 1 0
github.com/gosharplite/tell-me-go/internal/tools/filesystem.go:275.2,275.46 1 0
github.com/gosharplite/tell-me-go/internal/tools/filesystem.go:275.46,277.3 1 0
github.com/gosharplite/tell-me-go/internal/tools/filesystem.go:279.2,280.19 2 0
github.com/gosharplite/tell-me-go/internal/tools/filesystem.go:280.19,282.3 1 0
github.com/gosharplite/tell-me-go/internal/tools/filesystem.go:284.2,286.16 3 0
github.com/gosharplite/tell-me-go/internal/tools/filesystem.go:286.16,288.3 1 0
github.com/gosharplite/tell-me-go/internal/tools/filesystem.go:289.2,289.49 1 0
github.com/gosharplite/tell-me-go/internal/tools/filesystem.go:292.107,293.22 1 0
github.com/gosharplite/tell-me-go/internal/tools/filesystem.go:293.22,295.3 1 0
github.com/gosharplite/tell-me-go/internal/tools/filesystem.go:296.2,297.16 2 0
github.com/gosharplite/tell-me-go/internal/tools/filesystem.go:297.16,299.3 1 0
github.com/gosharplite/tell-me-go/internal/tools/filesystem.go:301.2,301.32 1 0
github.com/gosharplite/tell-me-go/internal/tools/filesystem.go:301.32,303.26 2 0
github.com/gosharplite/tell-me-go/internal/tools/filesystem.go:303.26,305.4 1 0
github.com/gosharplite/tell-me-go/internal/tools/filesystem.go:307.3,309.20 2 0
github.com/gosharplite/tell-me-go/internal/tools/filesystem.go:309.20,311.27 2 0
github.com/gosharplite/tell-me-go/internal/tools/filesystem.go:311.27,313.5 1 0
github.com/gosharplite/tell-me-go/internal/tools/filesystem.go:315.4,315.30 1 0
github.com/gosharplite/tell-me-go/internal/tools/filesystem.go:315.30,316.13 1 0
github.com/gosharplite/tell-me-go/internal/tools/filesystem.go:318.4,318.86 1 0
github.com/gosharplite/tell-me-go/internal/tools/filesystem.go:321.2,321.12 1 0
github.com/gosharplite/tell-me-go/internal/tools/filesystem.go:324.114,328.53 2 1
github.com/gosharplite/tell-me-go/internal/tools/filesystem.go:328.53,330.3 1 0
github.com/gosharplite/tell-me-go/internal/tools/filesystem.go:332.2,333.16 2 1
github.com/gosharplite/tell-me-go/internal/tools/filesystem.go:333.16,335.3 1 0
github.com/gosharplite/tell-me-go/internal/tools/filesystem.go:337.2,337.46 1 1
github.com/gosharplite/tell-me-go/internal/tools/filesystem.go:337.46,339.3 1 0
github.com/gosharplite/tell-me-go/internal/tools/filesystem.go:341.2,342.16 2 1
github.com/gosharplite/tell-me-go/internal/tools/filesystem.go:342.16,344.3 1 0
github.com/gosharplite/tell-me-go/internal/tools/filesystem.go:346.2,346.27 1 1
github.com/gosharplite/tell-me-go/internal/tools/filesystem.go:346.27,348.3 1 0
github.com/gosharplite/tell-me-go/internal/tools/filesystem.go:350.2,350.53 1 1
github.com/gosharplite/tell-me-go/internal/tools/filesystem.go:353.117,358.53 2 1
github.com/gosharplite/tell-me-go/internal/tools/filesystem.go:358.53,360.3 1 0
github.com/gosharplite/tell-me-go/internal/tools/filesystem.go:362.2,363.16 2 1
github.com/gosharplite/tell-me-go/internal/tools/filesystem.go:363.16,365.3 1 0
github.com/gosharplite/tell-me-go/internal/tools/filesystem.go:367.2,367.46 1 1
github.com/gosharplite/tell-me-go/internal/tools/filesystem.go:367.46,369.3 1 0
github.com/gosharplite/tell-me-go/internal/tools/filesystem.go:371.2,372.17 2 1
github.com/gosharplite/tell-me-go/internal/tools/filesystem.go:372.17,374.3 1 0
github.com/gosharplite/tell-me-go/internal/tools/filesystem.go:376.2,377.16 2 1
github.com/gosharplite/tell-me-go/internal/tools/filesystem.go:377.16,379.3 1 0
github.com/gosharplite/tell-me-go/internal/tools/filesystem.go:381.2,382.81 2 1
github.com/gosharplite/tell-me-go/internal/tools/filesystem.go:382.81,383.17 1 1
github.com/gosharplite/tell-me-go/internal/tools/filesystem.go:383.17,385.4 1 0
github.com/gosharplite/tell-me-go/internal/tools/filesystem.go:387.3,387.10 1 1
github.com/gosharplite/tell-me-go/internal/tools/filesystem.go:388.21,389.20 1 0
github.com/gosharplite/tell-me-go/internal/tools/filesystem.go:390.11,390.11 0 1
github.com/gosharplite/tell-me-go/internal/tools/filesystem.go:393.3,393.19 1 1
github.com/gosharplite/tell-me-go/internal/tools/filesystem.go:393.19,394.89 1 1
github.com/gosharplite/tell-me-go/internal/tools/filesystem.go:394.89,396.5 1 0
github.com/gosharplite/tell-me-go/internal/tools/filesystem.go:397.4,397.14 1 1
github.com/gosharplite/tell-me-go/internal/tools/filesystem.go:400.3,401.17 2 1
github.com/gosharplite/tell-me-go/internal/tools/filesystem.go:401.17,403.4 1 0
github.com/gosharplite/tell-me-go/internal/tools/filesystem.go:404.3,409.34 4 1
github.com/gosharplite/tell-me-go/internal/tools/filesystem.go:409.34,411.4 1 0
github.com/gosharplite/tell-me-go/internal/tools/filesystem.go:412.3,412.24 1 1
github.com/gosharplite/tell-me-go/internal/tools/filesystem.go:412.24,414.4 1 1
github.com/gosharplite/tell-me-go/internal/tools/filesystem.go:415.3,419.22 4 1
github.com/gosharplite/tell-me-go/internal/tools/filesystem.go:419.22,422.28 3 1
github.com/gosharplite/tell-me-go/internal/tools/filesystem.go:422.28,424.27 2 1
github.com/gosharplite/tell-me-go/internal/tools/filesystem.go:424.27,426.6 1 0
github.com/gosharplite/tell-me-go/internal/tools/filesystem.go:427.5,428.27 2 1
github.com/gosharplite/tell-me-go/internal/tools/filesystem.go:428.27,430.6 1 0
github.com/gosharplite/tell-me-go/internal/tools/filesystem.go:433.3,433.13 1 1
github.com/gosharplite/tell-me-go/internal/tools/filesystem.go:436.2,436.53 1 1
github.com/gosharplite/tell-me-go/internal/tools/filesystem.go:436.53,438.3 1 0
github.com/gosharplite/tell-me-go/internal/tools/filesystem.go:440.2,440.23 1 1
github.com/gosharplite/tell-me-go/internal/tools/filesystem.go:440.23,442.3 1 0
github.com/gosharplite/tell-me-go/internal/tools/filesystem.go:444.2,445.53 2 1
github.com/gosharplite/tell-me-go/internal/tools/filesystem.go:445.53,447.3 1 0
github.com/gosharplite/tell-me-go/internal/tools/filesystem.go:448.2,448.41 1 1
github.com/gosharplite/tell-me-go/internal/tools/filesystem.go:451.33,452.25 1 1
github.com/gosharplite/tell-me-go/internal/tools/filesystem.go:452.25,453.13 1 1
github.com/gosharplite/tell-me-go/internal/tools/filesystem.go:453.13,455.4 1 1
github.com/gosharplite/tell-me-go/internal/tools/filesystem.go:457.2,457.14 1 1
github.com/gosharplite/tell-me-go/internal/tools/filesystem.go:460.117,465.53 2 0
github.com/gosharplite/tell-me-go/internal/tools/filesystem.go:465.53,467.3 1 0
github.com/gosharplite/tell-me-go/internal/tools/filesystem.go:469.2,472.47 3 0
github.com/gosharplite/tell-me-go/internal/tools/filesystem.go:472.47,474.3 1 0
github.com/gosharplite/tell-me-go/internal/tools/filesystem.go:475.2,475.47 1 0
github.com/gosharplite/tell-me-go/internal/tools/filesystem.go:475.47,477.3 1 0
github.com/gosharplite/tell-me-go/internal/tools/filesystem.go:479.2,482.19 3 0
github.com/gosharplite/tell-me-go/internal/tools/filesystem.go:482.19,484.3 1 0
github.com/gosharplite/tell-me-go/internal/tools/filesystem.go:486.2,486.49 1 0
github.com/gosharplite/tell-me-go/internal/tools/filesystem.go:489.115,494.53 2 1
github.com/gosharplite/tell-me-go/internal/tools/filesystem.go:494.53,496.3 1 0
github.com/gosharplite/tell-me-go/internal/tools/filesystem.go:498.2,501.50 3 1
github.com/gosharplite/tell-me-go/internal/tools/filesystem.go:501.50,503.3 1 0
github.com/gosharplite/tell-me-go/internal/tools/filesystem.go:506.2,507.16 2 1
github.com/gosharplite/tell-me-go/internal/tools/filesystem.go:507.16,509.3 1 0
github.com/gosharplite/tell-me-go/internal/tools/filesystem.go:510.2,510.15 1 1
github.com/gosharplite/tell-me-go/internal/tools/filesystem.go:510.15,512.3 1 0
github.com/gosharplite/tell-me-go/internal/tools/filesystem.go:514.2,518.49 3 1
github.com/gosharplite/tell-me-go/internal/tools/filesystem.go:518.49,520.3 1 0
github.com/gosharplite/tell-me-go/internal/tools/filesystem.go:522.2,523.16 2 1
github.com/gosharplite/tell-me-go/internal/tools/filesystem.go:523.16,525.3 1 0
github.com/gosharplite/tell-me-go/internal/tools/filesystem.go:527.2,527.66 1 1
github.com/gosharplite/tell-me-go/internal/tools/filesystem.go:530.117,536.53 2 1
github.com/gosharplite/tell-me-go/internal/tools/filesystem.go:536.53,538.3 1 0
github.com/gosharplite/tell-me-go/internal/tools/filesystem.go:540.2,544.50 4 1
github.com/gosharplite/tell-me-go/internal/tools/filesystem.go:544.50,546.3 1 0
github.com/gosharplite/tell-me-go/internal/tools/filesystem.go:549.2,551.16 3 1
github.com/gosharplite/tell-me-go/internal/tools/filesystem.go:551.16,553.3 1 0
github.com/gosharplite/tell-me-go/internal/tools/filesystem.go:554.2,554.15 1 1
github.com/gosharplite/tell-me-go/internal/tools/filesystem.go:554.15,556.3 1 0
github.com/gosharplite/tell-me-go/internal/tools/filesystem.go:558.2,561.16 3 1
github.com/gosharplite/tell-me-go/internal/tools/filesystem.go:561.16,563.3 1 0
github.com/gosharplite/tell-me-go/internal/tools/filesystem.go:564.2,567.16 3 1
github.com/gosharplite/tell-me-go/internal/tools/filesystem.go:567.16,569.3 1 0
github.com/gosharplite/tell-me-go/internal/tools/filesystem.go:570.2,570.15 1 1
github.com/gosharplite/tell-me-go/internal/tools/filesystem.go:570.15,572.3 1 1
github.com/gosharplite/tell-me-go/internal/tools/filesystem.go:574.2,576.16 3 1
github.com/gosharplite/tell-me-go/internal/tools/filesystem.go:576.16,578.3 1 0
github.com/gosharplite/tell-me-go/internal/tools/filesystem.go:580.2,580.66 1 1
github.com/gosharplite/tell-me-go/internal/tools/filesystem.go:583.114,588.53 2 0
github.com/gosharplite/tell-me-go/internal/tools/filesystem.go:588.53,590.3 1 0
github.com/gosharplite/tell-me-go/internal/tools/filesystem.go:592.2,593.16 2 0
github.com/gosharplite/tell-me-go/internal/tools/filesystem.go:593.16,595.3 1 0
github.com/gosharplite/tell-me-go/internal/tools/filesystem.go:597.2,597.46 1 0
github.com/gosharplite/tell-me-go/internal/tools/filesystem.go:597.46,599.3 1 0
github.com/gosharplite/tell-me-go/internal/tools/filesystem.go:601.2,602.19 2 0
github.com/gosharplite/tell-me-go/internal/tools/filesystem.go:602.19,604.3 1 0
github.com/gosharplite/tell-me-go/internal/tools/filesystem.go:606.2,607.82 2 0
github.com/gosharplite/tell-me-go/internal/tools/filesystem.go:607.82,608.17 1 0
github.com/gosharplite/tell-me-go/internal/tools/filesystem.go:608.17,610.4 1 0
github.com/gosharplite/tell-me-go/internal/tools/filesystem.go:612.3,612.10 1 0
github.com/gosharplite/tell-me-go/internal/tools/filesystem.go:613.21,614.20 1 0
github.com/gosharplite/tell-me-go/internal/tools/filesystem.go:615.11,615.11 0 0
github.com/gosharplite/tell-me-go/internal/tools/filesystem.go:618.3,618.19 1 0
github.com/gosharplite/tell-me-go/internal/tools/filesystem.go:618.19,619.89 1 0
github.com/gosharplite/tell-me-go/internal/tools/filesystem.go:619.89,621.5 1 0
github.com/gosharplite/tell-me-go/internal/tools/filesystem.go:622.4,622.14 1 0
github.com/gosharplite/tell-me-go/internal/tools/filesystem.go:625.3,626.17 2 0
github.com/gosharplite/tell-me-go/internal/tools/filesystem.go:626.17,628.4 1 0
github.com/gosharplite/tell-me-go/internal/tools/filesystem.go:630.3,630.14 1 0
github.com/gosharplite/tell-me-go/internal/tools/filesystem.go:630.14,632.4 1 0
github.com/gosharplite/tell-me-go/internal/tools/filesystem.go:633.3,633.13 1 0
github.com/gosharplite/tell-me-go/internal/tools/filesystem.go:636.2,636.16 1 0
github.com/gosharplite/tell-me-go/internal/tools/filesystem.go:636.16,638.3 1 0
github.com/gosharplite/tell-me-go/internal/tools/filesystem.go:640.2,640.23 1 0
github.com/gosharplite/tell-me-go/internal/tools/filesystem.go:640.23,642.3 1 0
github.com/gosharplite/tell-me-go/internal/tools/filesystem.go:644.2,644.65 1 0
github.com/gosharplite/tell-me-go/internal/tools/filesystem.go:647.121,652.53 2 1
github.com/gosharplite/tell-me-go/internal/tools/filesystem.go:652.53,654.3 1 0
github.com/gosharplite/tell-me-go/internal/tools/filesystem.go:656.2,657.16 2 1
github.com/gosharplite/tell-me-go/internal/tools/filesystem.go:657.16,659.3 1 0
github.com/gosharplite/tell-me-go/internal/tools/filesystem.go:661.2,661.46 1 1
github.com/gosharplite/tell-me-go/internal/tools/filesystem.go:661.46,663.3 1 0
github.com/gosharplite/tell-me-go/internal/tools/filesystem.go:665.2,669.16 3 1
github.com/gosharplite/tell-me-go/internal/tools/filesystem.go:669.17,671.3 0 0
github.com/gosharplite/tell-me-go/internal/tools/filesystem.go:674.2,683.17 3 1
github.com/gosharplite/tell-me-go/internal/tools/filesystem.go:683.17,686.17 3 0
github.com/gosharplite/tell-me-go/internal/tools/filesystem.go:686.17,688.4 1 0
github.com/gosharplite/tell-me-go/internal/tools/filesystem.go:691.2,694.81 3 1
github.com/gosharplite/tell-me-go/internal/tools/filesystem.go:694.81,695.17 1 1
github.com/gosharplite/tell-me-go/internal/tools/filesystem.go:695.17,697.4 1 0
github.com/gosharplite/tell-me-go/internal/tools/filesystem.go:699.3,699.10 1 1
github.com/gosharplite/tell-me-go/internal/tools/filesystem.go:700.21,701.20 1 0
github.com/gosharplite/tell-me-go/internal/tools/filesystem.go:702.11,702.11 0 1
github.com/gosharplite/tell-me-go/internal/tools/filesystem.go:705.3,705.19 1 1
github.com/gosharplite/tell-me-go/internal/tools/filesystem.go:705.19,706.89 1 1
github.com/gosharplite/tell-me-go/internal/tools/filesystem.go:706.89,708.5 1 0
github.com/gosharplite/tell-me-go/internal/tools/filesystem.go:709.4,709.14 1 1
github.com/gosharplite/tell-me-go/internal/tools/filesystem.go:713.3,714.67 2 1
github.com/gosharplite/tell-me-go/internal/tools/filesystem.go:714.67,716.4 1 1
github.com/gosharplite/tell-me-go/internal/tools/filesystem.go:718.3,719.17 2 0
github.com/gosharplite/tell-me-go/internal/tools/filesystem.go:719.17,721.4 1 0
github.com/gosharplite/tell-me-go/internal/tools/filesystem.go:722.3,726.22 4 0
github.com/gosharplite/tell-me-go/internal/tools/filesystem.go:726.22,730.34 4 0
github.com/gosharplite/tell-me-go/internal/tools/filesystem.go:730.34,731.59 1 0
github.com/gosharplite/tell-me-go/internal/tools/filesystem.go:731.59,733.11 2 0
github.com/gosharplite/tell-me-go/internal/tools/filesystem.go:737.4,737.13 1 0
github.com/gosharplite/tell-me-go/internal/tools/filesystem.go:737.13,738.52 1 0
github.com/gosharplite/tell-me-go/internal/tools/filesystem.go:738.52,740.28 2 0
github.com/gosharplite/tell-me-go/internal/tools/filesystem.go:740.28,742.7 1 0
github.com/gosharplite/tell-me-go/internal/tools/filesystem.go:743.6,743.85 1 0
github.com/gosharplite/tell-me-go/internal/tools/filesystem.go:747.3,747.13 1 0
github.com/gosharplite/tell-me-go/internal/tools/filesystem.go:750.2,750.16 1 1
github.com/gosharplite/tell-me-go/internal/tools/filesystem.go:750.16,752.3 1 0
github.com/gosharplite/tell-me-go/internal/tools/filesystem.go:754.2,754.23 1 1
github.com/gosharplite/tell-me-go/internal/tools/filesystem.go:754.23,756.3 1 0
github.com/gosharplite/tell-me-go/internal/tools/filesystem.go:758.2,758.65 1 1
github.com/gosharplite/tell-me-go/internal/tools/filesystem.go:761.121,765.53 2 1
github.com/gosharplite/tell-me-go/internal/tools/filesystem.go:765.53,767.3 1 0
github.com/gosharplite/tell-me-go/internal/tools/filesystem.go:769.2,770.16 2 1
github.com/gosharplite/tell-me-go/internal/tools/filesystem.go:770.16,772.3 1 0
github.com/gosharplite/tell-me-go/internal/tools/filesystem.go:774.2,774.46 1 1
github.com/gosharplite/tell-me-go/internal/tools/filesystem.go:774.46,776.3 1 0
github.com/gosharplite/tell-me-go/internal/tools/filesystem.go:778.2,778.33 1 1
github.com/gosharplite/tell-me-go/internal/tools/filesystem.go:778.33,780.17 2 1
github.com/gosharplite/tell-me-go/internal/tools/filesystem.go:780.17,782.4 1 1
github.com/gosharplite/tell-me-go/internal/tools/filesystem.go:786.2,787.16 2 0
github.com/gosharplite/tell-me-go/internal/tools/filesystem.go:787.16,789.3 1 0
github.com/gosharplite/tell-me-go/internal/tools/filesystem.go:790.2,802.21 7 0
github.com/gosharplite/tell-me-go/internal/tools/filesystem.go:802.21,806.74 3 0
github.com/gosharplite/tell-me-go/internal/tools/filesystem.go:806.74,808.12 2 0
github.com/gosharplite/tell-me-go/internal/tools/filesystem.go:811.3,811.20 1 0
github.com/gosharplite/tell-me-go/internal/tools/filesystem.go:811.20,813.12 2 0
github.com/gosharplite/tell-me-go/internal/tools/filesystem.go:816.3,817.33 2 0
github.com/gosharplite/tell-me-go/internal/tools/filesystem.go:817.33,818.58 1 0
github.com/gosharplite/tell-me-go/internal/tools/filesystem.go:818.58,820.10 2 0
github.com/gosharplite/tell-me-go/internal/tools/filesystem.go:824.3,824.12 1 0
github.com/gosharplite/tell-me-go/internal/tools/filesystem.go:824.12,825.35 1 0
github.com/gosharplite/tell-me-go/internal/tools/filesystem.go:825.35,827.5 1 0
github.com/gosharplite/tell-me-go/internal/tools/filesystem.go:828.4,829.55 2 0
github.com/gosharplite/tell-me-go/internal/tools/filesystem.go:829.56,831.5 0 0
github.com/gosharplite/tell-me-go/internal/tools/filesystem.go:831.10,831.63 1 0
github.com/gosharplite/tell-me-go/internal/tools/filesystem.go:831.64,833.5 0 0
github.com/gosharplite/tell-me-go/internal/tools/filesystem.go:834.4,834.24 1 0
github.com/gosharplite/tell-me-go/internal/tools/filesystem.go:836.3,836.21 1 0
github.com/gosharplite/tell-me-go/internal/tools/filesystem.go:839.2,840.15 2 0
github.com/gosharplite/tell-me-go/internal/tools/filesystem.go:840.15,842.3 1 0
github.com/gosharplite/tell-me-go/internal/tools/filesystem.go:844.2,844.41 1 0
github.com/gosharplite/tell-me-go/internal/tools/filesystem.go:847.120,851.53 2 0
github.com/gosharplite/tell-me-go/internal/tools/filesystem.go:851.53,853.3 1 0
github.com/gosharplite/tell-me-go/internal/tools/filesystem.go:855.2,856.12 2 0
github.com/gosharplite/tell-me-go/internal/tools/filesystem.go:856.12,858.3 1 0
github.com/gosharplite/tell-me-go/internal/tools/filesystem.go:859.2,860.41 2 0
github.com/gosharplite/tell-me-go/internal/tools/git.go:20.57,115.2 8 1
github.com/gosharplite/tell-me-go/internal/tools/git.go:117.111,120.2 2 1
github.com/gosharplite/tell-me-go/internal/tools/git.go:122.109,126.53 2 1
github.com/gosharplite/tell-me-go/internal/tools/git.go:126.53,128.3 1 0
github.com/gosharplite/tell-me-go/internal/tools/git.go:130.2,132.19 3 1
github.com/gosharplite/tell-me-go/internal/tools/git.go:132.19,134.3 1 0
github.com/gosharplite/tell-me-go/internal/tools/git.go:134.8,136.3 1 1
github.com/gosharplite/tell-me-go/internal/tools/git.go:137.2,137.41 1 1
github.com/gosharplite/tell-me-go/internal/tools/git.go:140.108,144.53 2 1
github.com/gosharplite/tell-me-go/internal/tools/git.go:144.53,146.3 1 0
github.com/gosharplite/tell-me-go/internal/tools/git.go:148.2,149.16 2 1
github.com/gosharplite/tell-me-go/internal/tools/git.go:149.16,151.3 1 0
github.com/gosharplite/tell-me-go/internal/tools/git.go:152.2,153.41 2 1
github.com/gosharplite/tell-me-go/internal/tools/git.go:156.111,160.53 2 0
github.com/gosharplite/tell-me-go/internal/tools/git.go:160.53,162.3 1 0
github.com/gosharplite/tell-me-go/internal/tools/git.go:164.2,165.16 2 0
github.com/gosharplite/tell-me-go/internal/tools/git.go:165.16,167.3 1 0
github.com/gosharplite/tell-me-go/internal/tools/git.go:169.2,170.16 2 0
github.com/gosharplite/tell-me-go/internal/tools/git.go:170.16,172.3 1 0
github.com/gosharplite/tell-me-go/internal/tools/git.go:173.2,174.22 2 0
github.com/gosharplite/tell-me-go/internal/tools/git.go:174.22,176.3 1 0
github.com/gosharplite/tell-me-go/internal/tools/git.go:177.2,177.41 1 0
github.com/gosharplite/tell-me-go/internal/tools/git.go:180.110,184.53 2 1
github.com/gosharplite/tell-me-go/internal/tools/git.go:184.53,186.3 1 0
github.com/gosharplite/tell-me-go/internal/tools/git.go:188.2,189.16 2 1
github.com/gosharplite/tell-me-go/internal/tools/git.go:189.16,191.3 1 0
github.com/gosharplite/tell-me-go/internal/tools/git.go:193.2,193.46 1 1
github.com/gosharplite/tell-me-go/internal/tools/git.go:193.46,195.3 1 0
github.com/gosharplite/tell-me-go/internal/tools/git.go:197.2,198.41 2 1
github.com/gosharplite/tell-me-go/internal/tools/git.go:201.108,205.53 2 1
github.com/gosharplite/tell-me-go/internal/tools/git.go:205.53,207.3 1 0
github.com/gosharplite/tell-me-go/internal/tools/git.go:209.2,210.19 2 1
github.com/gosharplite/tell-me-go/internal/tools/git.go:210.19,212.3 1 0
github.com/gosharplite/tell-me-go/internal/tools/git.go:214.2,215.16 2 1
github.com/gosharplite/tell-me-go/internal/tools/git.go:215.16,217.3 1 0
github.com/gosharplite/tell-me-go/internal/tools/git.go:218.2,218.15 1 1
github.com/gosharplite/tell-me-go/internal/tools/git.go:218.15,220.3 1 0
github.com/gosharplite/tell-me-go/internal/tools/git.go:222.2,223.41 2 1
github.com/gosharplite/tell-me-go/internal/tools/git.go:226.114,230.53 2 1
github.com/gosharplite/tell-me-go/internal/tools/git.go:230.53,232.3 1 0
github.com/gosharplite/tell-me-go/internal/tools/git.go:234.2,235.16 2 1
github.com/gosharplite/tell-me-go/internal/tools/git.go:235.16,237.3 1 0
github.com/gosharplite/tell-me-go/internal/tools/git.go:239.2,240.16 2 1
github.com/gosharplite/tell-me-go/internal/tools/git.go:240.16,242.3 1 0
github.com/gosharplite/tell-me-go/internal/tools/git.go:243.2,243.15 1 1
github.com/gosharplite/tell-me-go/internal/tools/git.go:243.15,245.3 1 0
github.com/gosharplite/tell-me-go/internal/tools/git.go:247.2,248.41 2 1
github.com/gosharplite/tell-me-go/internal/tools/git.go:251.73,254.16 3 1
github.com/gosharplite/tell-me-go/internal/tools/git.go:254.16,256.3 1 1
github.com/gosharplite/tell-me-go/internal/tools/git.go:257.2,257.25 1 1
github.com/gosharplite/tell-me-go/internal/tools/intelligence.go:45.30,51.2 1 1
github.com/gosharplite/tell-me-go/internal/tools/intelligence.go:53.72,56.16 2 1
github.com/gosharplite/tell-me-go/internal/tools/intelligence.go:56.16,58.3 1 0
github.com/gosharplite/tell-me-go/internal/tools/intelligence.go:61.2,63.47 3 1
github.com/gosharplite/tell-me-go/internal/tools/intelligence.go:63.47,66.3 2 1
github.com/gosharplite/tell-me-go/internal/tools/intelligence.go:67.2,71.16 3 1
github.com/gosharplite/tell-me-go/internal/tools/intelligence.go:71.16,73.3 1 0
github.com/gosharplite/tell-me-go/internal/tools/intelligence.go:76.2,80.31 3 1
github.com/gosharplite/tell-me-go/internal/tools/intelligence.go:80.31,81.26 1 1
github.com/gosharplite/tell-me-go/internal/tools/intelligence.go:81.26,83.9 2 1
github.com/gosharplite/tell-me-go/internal/tools/intelligence.go:87.2,92.23 2 1
github.com/gosharplite/tell-me-go/internal/tools/intelligence.go:98.66,319.2 15 1
github.com/gosharplite/tell-me-go/internal/tools/intelligence.go:323.62,327.86 3 1
github.com/gosharplite/tell-me-go/internal/tools/intelligence.go:327.86,328.68 1 1
github.com/gosharplite/tell-me-go/internal/tools/intelligence.go:328.68,330.4 1 1
github.com/gosharplite/tell-me-go/internal/tools/intelligence.go:332.3,333.17 2 1
github.com/gosharplite/tell-me-go/internal/tools/intelligence.go:333.17,336.4 2 0
github.com/gosharplite/tell-me-go/internal/tools/intelligence.go:338.3,338.32 1 1
github.com/gosharplite/tell-me-go/internal/tools/intelligence.go:338.32,339.28 1 1
github.com/gosharplite/tell-me-go/internal/tools/intelligence.go:340.23,342.87 2 1
github.com/gosharplite/tell-me-go/internal/tools/intelligence.go:342.87,346.6 3 1
github.com/gosharplite/tell-me-go/internal/tools/intelligence.go:347.22,348.28 1 1
github.com/gosharplite/tell-me-go/internal/tools/intelligence.go:348.28,349.35 1 1
github.com/gosharplite/tell-me-go/internal/tools/intelligence.go:349.35,352.89 3 1
github.com/gosharplite/tell-me-go/internal/tools/intelligence.go:352.89,355.8 2 1
github.com/gosharplite/tell-me-go/internal/tools/intelligence.go:360.3,360.13 1 1
github.com/gosharplite/tell-me-go/internal/tools/intelligence.go:363.2,363.47 1 1
github.com/gosharplite/tell-me-go/internal/tools/intelligence.go:363.47,365.3 1 0
github.com/gosharplite/tell-me-go/internal/tools/intelligence.go:367.2,367.21 1 1
github.com/gosharplite/tell-me-go/internal/tools/intelligence.go:370.57,372.16 2 1
github.com/gosharplite/tell-me-go/internal/tools/intelligence.go:372.16,374.3 1 0
github.com/gosharplite/tell-me-go/internal/tools/intelligence.go:376.2,377.31 2 1
github.com/gosharplite/tell-me-go/internal/tools/intelligence.go:377.31,378.27 1 1
github.com/gosharplite/tell-me-go/internal/tools/intelligence.go:379.22,380.20 1 1
github.com/gosharplite/tell-me-go/internal/tools/intelligence.go:380.20,382.5 1 0
github.com/gosharplite/tell-me-go/internal/tools/intelligence.go:383.4,383.48 1 1
github.com/gosharplite/tell-me-go/internal/tools/intelligence.go:384.21,385.27 1 1
github.com/gosharplite/tell-me-go/internal/tools/intelligence.go:385.27,386.21 1 1
github.com/gosharplite/tell-me-go/internal/tools/intelligence.go:386.21,388.6 1 1
github.com/gosharplite/tell-me-go/internal/tools/intelligence.go:389.5,389.34 1 1
github.com/gosharplite/tell-me-go/internal/tools/intelligence.go:389.34,392.36 3 1
github.com/gosharplite/tell-me-go/internal/tools/intelligence.go:393.27,394.41 1 1
github.com/gosharplite/tell-me-go/internal/tools/intelligence.go:395.30,396.44 1 1
github.com/gosharplite/tell-me-go/internal/tools/intelligence.go:397.14,399.30 2 0
github.com/gosharplite/tell-me-go/internal/tools/intelligence.go:402.5,402.25 1 1
github.com/gosharplite/tell-me-go/internal/tools/intelligence.go:407.2,407.25 1 1
github.com/gosharplite/tell-me-go/internal/tools/intelligence.go:410.122,416.53 2 1
github.com/gosharplite/tell-me-go/internal/tools/intelligence.go:416.53,418.3 1 0
github.com/gosharplite/tell-me-go/internal/tools/intelligence.go:420.2,424.53 4 1
github.com/gosharplite/tell-me-go/internal/tools/intelligence.go:424.53,426.3 1 0
github.com/gosharplite/tell-me-go/internal/tools/intelligence.go:427.2,427.53 1 1
github.com/gosharplite/tell-me-go/internal/tools/intelligence.go:427.53,429.3 1 0
github.com/gosharplite/tell-me-go/internal/tools/intelligence.go:431.2,432.16 2 1
github.com/gosharplite/tell-me-go/internal/tools/intelligence.go:432.16,434.3 1 0
github.com/gosharplite/tell-me-go/internal/tools/intelligence.go:435.2,435.15 1 1
github.com/gosharplite/tell-me-go/internal/tools/intelligence.go:435.15,437.3 1 0
github.com/gosharplite/tell-me-go/internal/tools/intelligence.go:439.2,441.16 3 1
github.com/gosharplite/tell-me-go/internal/tools/intelligence.go:441.16,443.3 1 0
github.com/gosharplite/tell-me-go/internal/tools/intelligence.go:445.2,446.16 2 1
github.com/gosharplite/tell-me-go/internal/tools/intelligence.go:446.16,447.25 1 1
github.com/gosharplite/tell-me-go/internal/tools/intelligence.go:447.25,451.54 2 1
github.com/gosharplite/tell-me-go/internal/tools/intelligence.go:451.54,453.5 1 0
github.com/gosharplite/tell-me-go/internal/tools/intelligence.go:454.4,455.71 2 1
github.com/gosharplite/tell-me-go/internal/tools/intelligence.go:455.71,457.5 1 0
github.com/gosharplite/tell-me-go/internal/tools/intelligence.go:458.4,459.18 2 1
github.com/gosharplite/tell-me-go/internal/tools/intelligence.go:459.18,461.5 1 0
github.com/gosharplite/tell-me-go/internal/tools/intelligence.go:462.9,464.4 1 0
github.com/gosharplite/tell-me-go/internal/tools/intelligence.go:468.2,468.37 1 1
github.com/gosharplite/tell-me-go/internal/tools/intelligence.go:468.37,469.27 1 0
github.com/gosharplite/tell-me-go/internal/tools/intelligence.go:470.21,471.33 1 0
github.com/gosharplite/tell-me-go/internal/tools/intelligence.go:471.33,472.69 1 0
github.com/gosharplite/tell-me-go/internal/tools/intelligence.go:472.69,474.6 1 0
github.com/gosharplite/tell-me-go/internal/tools/intelligence.go:475.5,475.44 1 0
github.com/gosharplite/tell-me-go/internal/tools/intelligence.go:475.44,476.36 1 0
github.com/gosharplite/tell-me-go/internal/tools/intelligence.go:476.36,477.30 1 0
github.com/gosharplite/tell-me-go/internal/tools/intelligence.go:477.30,479.8 1 0
github.com/gosharplite/tell-me-go/internal/tools/intelligence.go:483.22,484.29 1 0
github.com/gosharplite/tell-me-go/internal/tools/intelligence.go:484.29,486.5 1 0
github.com/gosharplite/tell-me-go/internal/tools/intelligence.go:490.2,496.37 5 1
github.com/gosharplite/tell-me-go/internal/tools/intelligence.go:496.37,497.27 1 1
github.com/gosharplite/tell-me-go/internal/tools/intelligence.go:498.21,499.29 1 1
github.com/gosharplite/tell-me-go/internal/tools/intelligence.go:499.29,501.13 2 1
github.com/gosharplite/tell-me-go/internal/tools/intelligence.go:503.4,505.33 3 1
github.com/gosharplite/tell-me-go/internal/tools/intelligence.go:505.33,507.29 2 1
github.com/gosharplite/tell-me-go/internal/tools/intelligence.go:508.24,509.31 1 1
github.com/gosharplite/tell-me-go/internal/tools/intelligence.go:509.31,511.7 1 1
github.com/gosharplite/tell-me-go/internal/tools/intelligence.go:512.25,513.35 1 1
github.com/gosharplite/tell-me-go/internal/tools/intelligence.go:513.35,514.30 1 1
github.com/gosharplite/tell-me-go/internal/tools/intelligence.go:514.30,516.13 2 1
github.com/gosharplite/tell-me-go/internal/tools/intelligence.go:521.5,521.14 1 1
github.com/gosharplite/tell-me-go/internal/tools/intelligence.go:521.14,523.6 1 1
github.com/gosharplite/tell-me-go/internal/tools/intelligence.go:523.11,525.6 1 1
github.com/gosharplite/tell-me-go/internal/tools/intelligence.go:528.4,528.28 1 1
github.com/gosharplite/tell-me-go/internal/tools/intelligence.go:528.28,533.29 2 1
github.com/gosharplite/tell-me-go/internal/tools/intelligence.go:533.29,536.6 2 0
github.com/gosharplite/tell-me-go/internal/tools/intelligence.go:537.5,537.50 1 1
github.com/gosharplite/tell-me-go/internal/tools/intelligence.go:539.4,539.26 1 1
github.com/gosharplite/tell-me-go/internal/tools/intelligence.go:539.26,541.28 2 1
github.com/gosharplite/tell-me-go/internal/tools/intelligence.go:541.28,544.6 2 1
github.com/gosharplite/tell-me-go/internal/tools/intelligence.go:545.5,545.41 1 1
github.com/gosharplite/tell-me-go/internal/tools/intelligence.go:548.22,550.29 2 1
github.com/gosharplite/tell-me-go/internal/tools/intelligence.go:550.29,552.5 1 1
github.com/gosharplite/tell-me-go/internal/tools/intelligence.go:552.10,552.28 1 1
github.com/gosharplite/tell-me-go/internal/tools/intelligence.go:552.28,555.52 2 1
github.com/gosharplite/tell-me-go/internal/tools/intelligence.go:555.52,557.6 1 1
github.com/gosharplite/tell-me-go/internal/tools/intelligence.go:560.4,560.18 1 1
github.com/gosharplite/tell-me-go/internal/tools/intelligence.go:560.18,562.5 1 1
github.com/gosharplite/tell-me-go/internal/tools/intelligence.go:562.10,564.5 1 1
github.com/gosharplite/tell-me-go/internal/tools/intelligence.go:565.11,566.43 1 0
github.com/gosharplite/tell-me-go/internal/tools/intelligence.go:570.2,570.26 1 1
github.com/gosharplite/tell-me-go/internal/tools/intelligence.go:570.26,572.3 1 0
github.com/gosharplite/tell-me-go/internal/tools/intelligence.go:575.2,577.60 3 1
github.com/gosharplite/tell-me-go/internal/tools/intelligence.go:577.60,579.3 1 0
github.com/gosharplite/tell-me-go/internal/tools/intelligence.go:580.2,580.74 1 1
github.com/gosharplite/tell-me-go/internal/tools/intelligence.go:580.74,582.3 1 0
github.com/gosharplite/tell-me-go/internal/tools/intelligence.go:584.2,587.60 3 1
github.com/gosharplite/tell-me-go/internal/tools/intelligence.go:587.60,589.3 1 0
github.com/gosharplite/tell-me-go/internal/tools/intelligence.go:591.2,592.16 2 1
github.com/gosharplite/tell-me-go/internal/tools/intelligence.go:592.16,595.3 1 0
github.com/gosharplite/tell-me-go/internal/tools/intelligence.go:597.2,597.69 1 1
github.com/gosharplite/tell-me-go/internal/tools/intelligence.go:597.69,599.3 1 0
github.com/gosharplite/tell-me-go/internal/tools/intelligence.go:601.2,601.16 1 1
github.com/gosharplite/tell-me-go/internal/tools/intelligence.go:601.16,603.3 1 0
github.com/gosharplite/tell-me-go/internal/tools/intelligence.go:605.2,606.38 2 1
github.com/gosharplite/tell-me-go/internal/tools/intelligence.go:606.38,608.3 1 1
github.com/gosharplite/tell-me-go/internal/tools/intelligence.go:610.2,610.47 1 1
github.com/gosharplite/tell-me-go/internal/tools/intelligence.go:613.120,619.53 2 1
github.com/gosharplite/tell-me-go/internal/tools/intelligence.go:619.53,621.3 1 0
github.com/gosharplite/tell-me-go/internal/tools/intelligence.go:623.2,626.16 4 1
github.com/gosharplite/tell-me-go/internal/tools/intelligence.go:626.16,628.3 1 0
github.com/gosharplite/tell-me-go/internal/tools/intelligence.go:630.2,630.50 1 1
github.com/gosharplite/tell-me-go/internal/tools/intelligence.go:630.50,632.3 1 0
github.com/gosharplite/tell-me-go/internal/tools/intelligence.go:634.2,635.16 2 1
github.com/gosharplite/tell-me-go/internal/tools/intelligence.go:635.16,637.3 1 0
github.com/gosharplite/tell-me-go/internal/tools/intelligence.go:638.2,638.15 1 1
github.com/gosharplite/tell-me-go/internal/tools/intelligence.go:638.15,640.3 1 0
github.com/gosharplite/tell-me-go/internal/tools/intelligence.go:642.2,645.85 3 1
github.com/gosharplite/tell-me-go/internal/tools/intelligence.go:645.85,646.17 1 1
github.com/gosharplite/tell-me-go/internal/tools/intelligence.go:646.17,648.4 1 0
github.com/gosharplite/tell-me-go/internal/tools/intelligence.go:650.3,650.10 1 1
github.com/gosharplite/tell-me-go/internal/tools/intelligence.go:651.21,652.20 1 0
github.com/gosharplite/tell-me-go/internal/tools/intelligence.go:653.11,653.11 0 1
github.com/gosharplite/tell-me-go/internal/tools/intelligence.go:656.3,656.54 1 1
github.com/gosharplite/tell-me-go/internal/tools/intelligence.go:656.54,658.4 1 1
github.com/gosharplite/tell-me-go/internal/tools/intelligence.go:660.3,662.17 3 1
github.com/gosharplite/tell-me-go/internal/tools/intelligence.go:662.17,664.4 1 0
github.com/gosharplite/tell-me-go/internal/tools/intelligence.go:666.3,667.40 2 1
github.com/gosharplite/tell-me-go/internal/tools/intelligence.go:667.40,668.58 1 1
github.com/gosharplite/tell-me-go/internal/tools/intelligence.go:668.58,672.5 3 1
github.com/gosharplite/tell-me-go/internal/tools/intelligence.go:673.4,673.15 1 1
github.com/gosharplite/tell-me-go/internal/tools/intelligence.go:676.3,676.14 1 1
github.com/gosharplite/tell-me-go/internal/tools/intelligence.go:676.14,680.53 3 1
github.com/gosharplite/tell-me-go/internal/tools/intelligence.go:680.53,682.5 1 0
github.com/gosharplite/tell-me-go/internal/tools/intelligence.go:683.4,683.74 1 1
github.com/gosharplite/tell-me-go/internal/tools/intelligence.go:683.74,685.5 1 0
github.com/gosharplite/tell-me-go/internal/tools/intelligence.go:687.3,687.13 1 1
github.com/gosharplite/tell-me-go/internal/tools/intelligence.go:690.2,690.23 1 1
github.com/gosharplite/tell-me-go/internal/tools/intelligence.go:690.23,692.3 1 0
github.com/gosharplite/tell-me-go/internal/tools/intelligence.go:694.2,694.148 1 1
github.com/gosharplite/tell-me-go/internal/tools/intelligence.go:697.117,701.53 2 0
github.com/gosharplite/tell-me-go/internal/tools/intelligence.go:701.53,703.3 1 0
github.com/gosharplite/tell-me-go/internal/tools/intelligence.go:705.2,706.16 2 0
github.com/gosharplite/tell-me-go/internal/tools/intelligence.go:706.16,708.3 1 0
github.com/gosharplite/tell-me-go/internal/tools/intelligence.go:710.2,710.46 1 0
github.com/gosharplite/tell-me-go/internal/tools/intelligence.go:710.46,712.3 1 0
github.com/gosharplite/tell-me-go/internal/tools/intelligence.go:714.2,717.86 3 0
github.com/gosharplite/tell-me-go/internal/tools/intelligence.go:717.86,718.17 1 0
github.com/gosharplite/tell-me-go/internal/tools/intelligence.go:718.17,720.4 1 0
github.com/gosharplite/tell-me-go/internal/tools/intelligence.go:721.3,721.19 1 0
github.com/gosharplite/tell-me-go/internal/tools/intelligence.go:721.19,722.89 1 0
github.com/gosharplite/tell-me-go/internal/tools/intelligence.go:722.89,724.5 1 0
github.com/gosharplite/tell-me-go/internal/tools/intelligence.go:725.4,725.14 1 0
github.com/gosharplite/tell-me-go/internal/tools/intelligence.go:728.3,729.17 2 0
github.com/gosharplite/tell-me-go/internal/tools/intelligence.go:729.17,731.4 1 0
github.com/gosharplite/tell-me-go/internal/tools/intelligence.go:733.3,734.30 2 0
github.com/gosharplite/tell-me-go/internal/tools/intelligence.go:734.30,735.28 1 0
github.com/gosharplite/tell-me-go/internal/tools/intelligence.go:735.28,738.27 3 0
github.com/gosharplite/tell-me-go/internal/tools/intelligence.go:738.27,740.6 1 0
github.com/gosharplite/tell-me-go/internal/tools/intelligence.go:741.5,741.80 1 0
github.com/gosharplite/tell-me-go/internal/tools/intelligence.go:744.3,744.13 1 0
github.com/gosharplite/tell-me-go/internal/tools/intelligence.go:747.2,747.16 1 0
github.com/gosharplite/tell-me-go/internal/tools/intelligence.go:747.16,749.3 1 0
github.com/gosharplite/tell-me-go/internal/tools/intelligence.go:750.2,750.23 1 0
github.com/gosharplite/tell-me-go/internal/tools/intelligence.go:750.23,752.3 1 0
github.com/gosharplite/tell-me-go/internal/tools/intelligence.go:753.2,753.65 1 0
github.com/gosharplite/tell-me-go/internal/tools/intelligence.go:756.113,760.53 2 0
github.com/gosharplite/tell-me-go/internal/tools/intelligence.go:760.53,762.3 1 0
github.com/gosharplite/tell-me-go/internal/tools/intelligence.go:764.2,765.9 2 0
github.com/gosharplite/tell-me-go/internal/tools/intelligence.go:765.9,769.3 3 0
github.com/gosharplite/tell-me-go/internal/tools/intelligence.go:771.2,773.16 3 0
github.com/gosharplite/tell-me-go/internal/tools/intelligence.go:773.16,775.3 1 0
github.com/gosharplite/tell-me-go/internal/tools/intelligence.go:777.2,777.49 1 0
github.com/gosharplite/tell-me-go/internal/tools/intelligence.go:780.125,784.53 2 0
github.com/gosharplite/tell-me-go/internal/tools/intelligence.go:784.53,786.3 1 0
github.com/gosharplite/tell-me-go/internal/tools/intelligence.go:788.2,789.46 2 0
github.com/gosharplite/tell-me-go/internal/tools/intelligence.go:789.46,791.3 1 0
github.com/gosharplite/tell-me-go/internal/tools/intelligence.go:793.2,795.86 2 0
github.com/gosharplite/tell-me-go/internal/tools/intelligence.go:795.86,796.68 1 0
github.com/gosharplite/tell-me-go/internal/tools/intelligence.go:796.68,798.4 1 0
github.com/gosharplite/tell-me-go/internal/tools/intelligence.go:800.3,801.17 2 0
github.com/gosharplite/tell-me-go/internal/tools/intelligence.go:801.17,803.4 1 0
github.com/gosharplite/tell-me-go/internal/tools/intelligence.go:805.3,805.32 1 0
github.com/gosharplite/tell-me-go/internal/tools/intelligence.go:805.32,806.42 1 0
github.com/gosharplite/tell-me-go/internal/tools/intelligence.go:806.42,808.48 2 0
github.com/gosharplite/tell-me-go/internal/tools/intelligence.go:808.48,809.27 1 0
github.com/gosharplite/tell-me-go/internal/tools/intelligence.go:810.87,811.19 1 0
github.com/gosharplite/tell-me-go/internal/tools/intelligence.go:812.27,813.50 1 0
github.com/gosharplite/tell-me-go/internal/tools/intelligence.go:813.50,815.8 1 0
github.com/gosharplite/tell-me-go/internal/tools/intelligence.go:817.6,817.17 1 0
github.com/gosharplite/tell-me-go/internal/tools/intelligence.go:819.5,820.23 2 0
github.com/gosharplite/tell-me-go/internal/tools/intelligence.go:820.23,823.6 2 0
github.com/gosharplite/tell-me-go/internal/tools/intelligence.go:824.5,824.135 1 0
github.com/gosharplite/tell-me-go/internal/tools/intelligence.go:827.3,827.13 1 0
github.com/gosharplite/tell-me-go/internal/tools/intelligence.go:830.2,830.16 1 0
github.com/gosharplite/tell-me-go/internal/tools/intelligence.go:830.16,832.3 1 0
github.com/gosharplite/tell-me-go/internal/tools/intelligence.go:833.2,833.23 1 0
github.com/gosharplite/tell-me-go/internal/tools/intelligence.go:833.23,835.3 1 0
github.com/gosharplite/tell-me-go/internal/tools/intelligence.go:838.2,838.42 1 0
github.com/gosharplite/tell-me-go/internal/tools/intelligence.go:838.42,843.3 4 0
github.com/gosharplite/tell-me-go/internal/tools/intelligence.go:845.2,845.24 1 0
github.com/gosharplite/tell-me-go/internal/tools/intelligence.go:845.24,847.3 1 0
github.com/gosharplite/tell-me-go/internal/tools/intelligence.go:849.2,849.113 1 0
github.com/gosharplite/tell-me-go/internal/tools/intelligence.go:852.123,853.9 1 0
github.com/gosharplite/tell-me-go/internal/tools/intelligence.go:853.9,857.3 3 0
github.com/gosharplite/tell-me-go/internal/tools/intelligence.go:859.2,861.16 3 0
github.com/gosharplite/tell-me-go/internal/tools/intelligence.go:861.16,863.3 1 0
github.com/gosharplite/tell-me-go/internal/tools/intelligence.go:865.2,874.29 7 0
github.com/gosharplite/tell-me-go/internal/tools/intelligence.go:874.29,876.22 2 0
github.com/gosharplite/tell-me-go/internal/tools/intelligence.go:876.22,877.12 1 0
github.com/gosharplite/tell-me-go/internal/tools/intelligence.go:879.3,884.31 5 0
github.com/gosharplite/tell-me-go/internal/tools/intelligence.go:884.31,885.39 1 0
github.com/gosharplite/tell-me-go/internal/tools/intelligence.go:885.39,887.5 1 0
github.com/gosharplite/tell-me-go/internal/tools/intelligence.go:890.3,890.31 1 0
github.com/gosharplite/tell-me-go/internal/tools/intelligence.go:890.31,892.40 2 0
github.com/gosharplite/tell-me-go/internal/tools/intelligence.go:892.40,894.5 1 0
github.com/gosharplite/tell-me-go/internal/tools/intelligence.go:895.9,897.4 1 0
github.com/gosharplite/tell-me-go/internal/tools/intelligence.go:900.2,900.49 1 0
github.com/gosharplite/tell-me-go/internal/tools/intelligence.go:903.47,906.19 3 1
github.com/gosharplite/tell-me-go/internal/tools/intelligence.go:906.19,908.37 2 1
github.com/gosharplite/tell-me-go/internal/tools/intelligence.go:908.37,909.13 1 1
github.com/gosharplite/tell-me-go/internal/tools/intelligence.go:909.13,911.5 1 0
github.com/gosharplite/tell-me-go/internal/tools/intelligence.go:912.4,912.28 1 1
github.com/gosharplite/tell-me-go/internal/tools/intelligence.go:912.28,914.5 1 1
github.com/gosharplite/tell-me-go/internal/tools/intelligence.go:915.4,915.44 1 1
github.com/gosharplite/tell-me-go/internal/tools/intelligence.go:917.3,917.23 1 1
github.com/gosharplite/tell-me-go/internal/tools/intelligence.go:919.2,920.26 2 1
github.com/gosharplite/tell-me-go/internal/tools/intelligence.go:920.26,921.44 1 1
github.com/gosharplite/tell-me-go/internal/tools/intelligence.go:921.44,922.13 1 0
github.com/gosharplite/tell-me-go/internal/tools/intelligence.go:922.13,924.5 1 0
github.com/gosharplite/tell-me-go/internal/tools/intelligence.go:925.4,925.37 1 0
github.com/gosharplite/tell-me-go/internal/tools/intelligence.go:925.37,926.14 1 0
github.com/gosharplite/tell-me-go/internal/tools/intelligence.go:926.14,928.6 1 0
github.com/gosharplite/tell-me-go/internal/tools/intelligence.go:929.5,929.30 1 0
github.com/gosharplite/tell-me-go/internal/tools/intelligence.go:931.4,931.50 1 0
github.com/gosharplite/tell-me-go/internal/tools/intelligence.go:934.2,935.27 2 1
github.com/gosharplite/tell-me-go/internal/tools/intelligence.go:935.27,937.35 2 1
github.com/gosharplite/tell-me-go/internal/tools/intelligence.go:937.35,939.4 1 0
github.com/gosharplite/tell-me-go/internal/tools/intelligence.go:940.3,940.45 1 1
github.com/gosharplite/tell-me-go/internal/tools/intelligence.go:940.45,941.13 1 1
github.com/gosharplite/tell-me-go/internal/tools/intelligence.go:941.13,943.5 1 0
github.com/gosharplite/tell-me-go/internal/tools/intelligence.go:944.4,944.44 1 1
github.com/gosharplite/tell-me-go/internal/tools/intelligence.go:946.3,946.35 1 1
github.com/gosharplite/tell-me-go/internal/tools/intelligence.go:946.35,948.4 1 0
github.com/gosharplite/tell-me-go/internal/tools/intelligence.go:950.2,950.20 1 1
github.com/gosharplite/tell-me-go/internal/tools/intelligence.go:953.41,954.26 1 1
github.com/gosharplite/tell-me-go/internal/tools/intelligence.go:955.18,956.16 1 1
github.com/gosharplite/tell-me-go/internal/tools/intelligence.go:957.25,958.46 1 0
github.com/gosharplite/tell-me-go/internal/tools/intelligence.go:959.21,960.33 1 1
github.com/gosharplite/tell-me-go/internal/tools/intelligence.go:961.22,962.36 1 0
github.com/gosharplite/tell-me-go/internal/tools/intelligence.go:963.20,964.68 1 0
github.com/gosharplite/tell-me-go/internal/tools/intelligence.go:965.26,966.23 1 0
github.com/gosharplite/tell-me-go/internal/tools/intelligence.go:967.21,968.37 1 0
github.com/gosharplite/tell-me-go/internal/tools/intelligence.go:969.21,970.21 1 0
github.com/gosharplite/tell-me-go/internal/tools/intelligence.go:971.10,972.30 1 0
github.com/gosharplite/tell-me-go/internal/tools/intelligence.go:978.118,983.53 2 1
github.com/gosharplite/tell-me-go/internal/tools/intelligence.go:983.53,985.3 1 0
github.com/gosharplite/tell-me-go/internal/tools/intelligence.go:987.2,989.16 3 1
github.com/gosharplite/tell-me-go/internal/tools/intelligence.go:989.16,991.3 1 0
github.com/gosharplite/tell-me-go/internal/tools/intelligence.go:993.2,993.46 1 1
github.com/gosharplite/tell-me-go/internal/tools/intelligence.go:993.46,995.3 1 0
github.com/gosharplite/tell-me-go/internal/tools/intelligence.go:997.2,999.86 2 1
github.com/gosharplite/tell-me-go/internal/tools/intelligence.go:999.86,1000.68 1 1
github.com/gosharplite/tell-me-go/internal/tools/intelligence.go:1000.68,1002.4 1 1
github.com/gosharplite/tell-me-go/internal/tools/intelligence.go:1004.3,1004.10 1 1
github.com/gosharplite/tell-me-go/internal/tools/intelligence.go:1005.21,1006.20 1 0
github.com/gosharplite/tell-me-go/internal/tools/intelligence.go:1007.11,1007.11 0 1
github.com/gosharplite/tell-me-go/internal/tools/intelligence.go:1010.3,1011.17 2 1
github.com/gosharplite/tell-me-go/internal/tools/intelligence.go:1011.17,1013.4 1 0
github.com/gosharplite/tell-me-go/internal/tools/intelligence.go:1016.3,1017.56 2 1
github.com/gosharplite/tell-me-go/internal/tools/intelligence.go:1017.56,1019.4 1 1
github.com/gosharplite/tell-me-go/internal/tools/intelligence.go:1021.3,1021.40 1 1
github.com/gosharplite/tell-me-go/internal/tools/intelligence.go:1021.40,1022.36 1 1
github.com/gosharplite/tell-me-go/internal/tools/intelligence.go:1022.36,1023.25 1 1
github.com/gosharplite/tell-me-go/internal/tools/intelligence.go:1023.25,1026.48 3 1
github.com/gosharplite/tell-me-go/internal/tools/intelligence.go:1026.48,1028.7 1 1
github.com/gosharplite/tell-me-go/internal/tools/intelligence.go:1034.6,1034.105 1 1
github.com/gosharplite/tell-me-go/internal/tools/intelligence.go:1037.4,1037.15 1 1
github.com/gosharplite/tell-me-go/internal/tools/intelligence.go:1039.3,1039.13 1 1
github.com/gosharplite/tell-me-go/internal/tools/intelligence.go:1042.2,1042.16 1 1
github.com/gosharplite/tell-me-go/internal/tools/intelligence.go:1042.16,1044.3 1 0
github.com/gosharplite/tell-me-go/internal/tools/intelligence.go:1045.2,1045.23 1 1
github.com/gosharplite/tell-me-go/internal/tools/intelligence.go:1045.23,1047.3 1 0
github.com/gosharplite/tell-me-go/internal/tools/intelligence.go:1048.2,1048.65 1 1
github.com/gosharplite/tell-me-go/internal/tools/intelligence.go:1051.123,1056.53 2 0
github.com/gosharplite/tell-me-go/internal/tools/intelligence.go:1056.53,1058.3 1 0
github.com/gosharplite/tell-me-go/internal/tools/intelligence.go:1060.2,1061.16 2 0
github.com/gosharplite/tell-me-go/internal/tools/intelligence.go:1061.16,1063.3 1 0
github.com/gosharplite/tell-me-go/internal/tools/intelligence.go:1064.2,1064.46 1 0
github.com/gosharplite/tell-me-go/internal/tools/intelligence.go:1064.46,1066.3 1 0
github.com/gosharplite/tell-me-go/internal/tools/intelligence.go:1068.2,1069.16 2 0
github.com/gosharplite/tell-me-go/internal/tools/intelligence.go:1069.16,1071.3 1 0
github.com/gosharplite/tell-me-go/internal/tools/intelligence.go:1072.2,1072.23 1 0
github.com/gosharplite/tell-me-go/internal/tools/intelligence.go:1072.23,1074.3 1 0
github.com/gosharplite/tell-me-go/internal/tools/intelligence.go:1075.2,1075.65 1 0
github.com/gosharplite/tell-me-go/internal/tools/intelligence.go:1078.119,1083.53 2 1
github.com/gosharplite/tell-me-go/internal/tools/intelligence.go:1083.53,1085.3 1 0
github.com/gosharplite/tell-me-go/internal/tools/intelligence.go:1087.2,1088.16 2 1
github.com/gosharplite/tell-me-go/internal/tools/intelligence.go:1088.16,1090.3 1 0
github.com/gosharplite/tell-me-go/internal/tools/intelligence.go:1091.2,1091.46 1 1
github.com/gosharplite/tell-me-go/internal/tools/intelligence.go:1091.46,1093.3 1 0
github.com/gosharplite/tell-me-go/internal/tools/intelligence.go:1095.2,1096.86 2 1
github.com/gosharplite/tell-me-go/internal/tools/intelligence.go:1096.86,1097.68 1 1
github.com/gosharplite/tell-me-go/internal/tools/intelligence.go:1097.68,1099.4 1 1
github.com/gosharplite/tell-me-go/internal/tools/intelligence.go:1100.3,1101.17 2 1
github.com/gosharplite/tell-me-go/internal/tools/intelligence.go:1101.17,1103.4 1 0
github.com/gosharplite/tell-me-go/internal/tools/intelligence.go:1105.3,1105.32 1 1
github.com/gosharplite/tell-me-go/internal/tools/intelligence.go:1105.32,1106.28 1 1
github.com/gosharplite/tell-me-go/internal/tools/intelligence.go:1107.23,1108.60 1 1
github.com/gosharplite/tell-me-go/internal/tools/intelligence.go:1108.60,1109.14 1 1
github.com/gosharplite/tell-me-go/internal/tools/intelligence.go:1111.5,1111.116 1 1
github.com/gosharplite/tell-me-go/internal/tools/intelligence.go:1112.22,1113.34 1 1
github.com/gosharplite/tell-me-go/internal/tools/intelligence.go:1113.34,1114.30 1 1
github.com/gosharplite/tell-me-go/internal/tools/intelligence.go:1115.25,1116.62 1 1
github.com/gosharplite/tell-me-go/internal/tools/intelligence.go:1116.62,1117.16 1 0
github.com/gosharplite/tell-me-go/internal/tools/intelligence.go:1119.7,1119.115 1 1
github.com/gosharplite/tell-me-go/internal/tools/intelligence.go:1120.26,1121.36 1 1
github.com/gosharplite/tell-me-go/internal/tools/intelligence.go:1121.36,1122.61 1 1
github.com/gosharplite/tell-me-go/internal/tools/intelligence.go:1122.61,1123.17 1 0
github.com/gosharplite/tell-me-go/internal/tools/intelligence.go:1125.8,1125.122 1 1
github.com/gosharplite/tell-me-go/internal/tools/intelligence.go:1131.3,1131.13 1 1
github.com/gosharplite/tell-me-go/internal/tools/intelligence.go:1134.2,1134.16 1 1
github.com/gosharplite/tell-me-go/internal/tools/intelligence.go:1134.16,1136.3 1 0
github.com/gosharplite/tell-me-go/internal/tools/intelligence.go:1137.2,1137.23 1 1
github.com/gosharplite/tell-me-go/internal/tools/intelligence.go:1137.23,1139.3 1 0
github.com/gosharplite/tell-me-go/internal/tools/intelligence.go:1140.2,1140.65 1 1
github.com/gosharplite/tell-me-go/internal/tools/intelligence.go:1143.127,1147.53 2 1
github.com/gosharplite/tell-me-go/internal/tools/intelligence.go:1147.53,1149.3 1 0
github.com/gosharplite/tell-me-go/internal/tools/intelligence.go:1151.2,1152.16 2 1
github.com/gosharplite/tell-me-go/internal/tools/intelligence.go:1152.16,1154.3 1 0
github.com/gosharplite/tell-me-go/internal/tools/intelligence.go:1156.2,1156.46 1 1
github.com/gosharplite/tell-me-go/internal/tools/intelligence.go:1156.46,1158.3 1 0
github.com/gosharplite/tell-me-go/internal/tools/intelligence.go:1160.2,1178.79 6 1
github.com/gosharplite/tell-me-go/internal/tools/intelligence.go:1178.79,1179.68 1 1
github.com/gosharplite/tell-me-go/internal/tools/intelligence.go:1179.68,1181.4 1 1
github.com/gosharplite/tell-me-go/internal/tools/intelligence.go:1182.3,1183.17 2 1
github.com/gosharplite/tell-me-go/internal/tools/intelligence.go:1183.17,1185.4 1 0
github.com/gosharplite/tell-me-go/internal/tools/intelligence.go:1187.3,1187.32 1 1
github.com/gosharplite/tell-me-go/internal/tools/intelligence.go:1187.32,1188.65 1 1
github.com/gosharplite/tell-me-go/internal/tools/intelligence.go:1188.65,1189.35 1 1
github.com/gosharplite/tell-me-go/internal/tools/intelligence.go:1189.35,1191.52 2 1
github.com/gosharplite/tell-me-go/internal/tools/intelligence.go:1191.52,1193.28 2 1
github.com/gosharplite/tell-me-go/internal/tools/intelligence.go:1193.28,1194.42 1 1
github.com/gosharplite/tell-me-go/internal/tools/intelligence.go:1194.42,1195.29 1 1
github.com/gosharplite/tell-me-go/internal/tools/intelligence.go:1195.29,1196.50 1 1
github.com/gosharplite/tell-me-go/internal/tools/intelligence.go:1196.50,1201.11 1 1
github.com/gosharplite/tell-me-go/internal/tools/intelligence.go:1205.7,1205.81 1 1
github.com/gosharplite/tell-me-go/internal/tools/intelligence.go:1206.12,1206.55 1 1
github.com/gosharplite/tell-me-go/internal/tools/intelligence.go:1206.55,1208.7 1 1
github.com/gosharplite/tell-me-go/internal/tools/intelligence.go:1212.3,1212.13 1 1
github.com/gosharplite/tell-me-go/internal/tools/intelligence.go:1216.2,1216.79 1 1
github.com/gosharplite/tell-me-go/internal/tools/intelligence.go:1216.79,1217.68 1 1
github.com/gosharplite/tell-me-go/internal/tools/intelligence.go:1217.68,1219.4 1 1
github.com/gosharplite/tell-me-go/internal/tools/intelligence.go:1220.3,1221.17 2 1
github.com/gosharplite/tell-me-go/internal/tools/intelligence.go:1221.17,1223.4 1 0
github.com/gosharplite/tell-me-go/internal/tools/intelligence.go:1224.3,1224.32 1 1
github.com/gosharplite/tell-me-go/internal/tools/intelligence.go:1224.32,1225.60 1 1
github.com/gosharplite/tell-me-go/internal/tools/intelligence.go:1225.60,1228.42 3 1
github.com/gosharplite/tell-me-go/internal/tools/intelligence.go:1228.42,1234.6 2 1
github.com/gosharplite/tell-me-go/internal/tools/intelligence.go:1237.3,1237.13 1 1
github.com/gosharplite/tell-me-go/internal/tools/intelligence.go:1241.2,1242.39 2 1
github.com/gosharplite/tell-me-go/internal/tools/intelligence.go:1242.39,1243.30 1 1
github.com/gosharplite/tell-me-go/internal/tools/intelligence.go:1243.30,1244.12 1 0
github.com/gosharplite/tell-me-go/internal/tools/intelligence.go:1246.3,1247.37 2 1
github.com/gosharplite/tell-me-go/internal/tools/intelligence.go:1247.37,1249.37 2 1
github.com/gosharplite/tell-me-go/internal/tools/intelligence.go:1249.37,1251.38 2 1
github.com/gosharplite/tell-me-go/internal/tools/intelligence.go:1251.38,1252.48 1 1
github.com/gosharplite/tell-me-go/internal/tools/intelligence.go:1252.48,1254.12 2 1
github.com/gosharplite/tell-me-go/internal/tools/intelligence.go:1257.5,1257.15 1 1
github.com/gosharplite/tell-me-go/internal/tools/intelligence.go:1257.15,1259.11 2 0
github.com/gosharplite/tell-me-go/internal/tools/intelligence.go:1262.4,1262.13 1 1
github.com/gosharplite/tell-me-go/internal/tools/intelligence.go:1262.13,1264.5 1 1
github.com/gosharplite/tell-me-go/internal/tools/intelligence.go:1266.3,1266.28 1 1
github.com/gosharplite/tell-me-go/internal/tools/intelligence.go:1266.28,1268.4 1 1
github.com/gosharplite/tell-me-go/internal/tools/intelligence.go:1271.2,1271.19 1 1
github.com/gosharplite/tell-me-go/internal/tools/intelligence.go:1271.19,1273.3 1 0
github.com/gosharplite/tell-me-go/internal/tools/intelligence.go:1274.2,1274.49 1 1
github.com/gosharplite/tell-me-go/internal/tools/intelligence.go:1277.45,1280.21 3 1
github.com/gosharplite/tell-me-go/internal/tools/intelligence.go:1280.21,1281.39 1 1
github.com/gosharplite/tell-me-go/internal/tools/intelligence.go:1281.39,1282.13 1 0
github.com/gosharplite/tell-me-go/internal/tools/intelligence.go:1282.13,1284.5 1 0
github.com/gosharplite/tell-me-go/internal/tools/intelligence.go:1285.4,1285.44 1 0
github.com/gosharplite/tell-me-go/internal/tools/intelligence.go:1288.2,1289.22 2 1
github.com/gosharplite/tell-me-go/internal/tools/intelligence.go:1289.22,1291.30 2 0
github.com/gosharplite/tell-me-go/internal/tools/intelligence.go:1291.30,1293.4 1 0
github.com/gosharplite/tell-me-go/internal/tools/intelligence.go:1294.3,1294.40 1 0
github.com/gosharplite/tell-me-go/internal/tools/intelligence.go:1294.40,1295.13 1 0
github.com/gosharplite/tell-me-go/internal/tools/intelligence.go:1295.13,1297.5 1 0
github.com/gosharplite/tell-me-go/internal/tools/intelligence.go:1298.4,1298.44 1 0
github.com/gosharplite/tell-me-go/internal/tools/intelligence.go:1300.3,1300.30 1 0
github.com/gosharplite/tell-me-go/internal/tools/intelligence.go:1300.30,1302.4 1 0
github.com/gosharplite/tell-me-go/internal/tools/intelligence.go:1304.2,1304.20 1 1
github.com/gosharplite/tell-me-go/internal/tools/intelligence.go:1307.119,1312.53 2 1
github.com/gosharplite/tell-me-go/internal/tools/intelligence.go:1312.53,1314.3 1 0
github.com/gosharplite/tell-me-go/internal/tools/intelligence.go:1316.2,1318.16 3 1
github.com/gosharplite/tell-me-go/internal/tools/intelligence.go:1318.16,1320.3 1 0
github.com/gosharplite/tell-me-go/internal/tools/intelligence.go:1322.2,1322.46 1 1
github.com/gosharplite/tell-me-go/internal/tools/intelligence.go:1322.46,1324.3 1 0
github.com/gosharplite/tell-me-go/internal/tools/intelligence.go:1326.2,1328.86 2 1
github.com/gosharplite/tell-me-go/internal/tools/intelligence.go:1328.86,1329.68 1 1
github.com/gosharplite/tell-me-go/internal/tools/intelligence.go:1329.68,1331.4 1 1
github.com/gosharplite/tell-me-go/internal/tools/intelligence.go:1332.3,1333.17 2 1
github.com/gosharplite/tell-me-go/internal/tools/intelligence.go:1333.17,1335.4 1 0
github.com/gosharplite/tell-me-go/internal/tools/intelligence.go:1337.3,1337.32 1 1
github.com/gosharplite/tell-me-go/internal/tools/intelligence.go:1337.32,1338.65 1 1
github.com/gosharplite/tell-me-go/internal/tools/intelligence.go:1338.65,1339.35 1 1
github.com/gosharplite/tell-me-go/internal/tools/intelligence.go:1339.35,1341.34 2 1
github.com/gosharplite/tell-me-go/internal/tools/intelligence.go:1341.34,1343.24 2 1
github.com/gosharplite/tell-me-go/internal/tools/intelligence.go:1343.24,1345.8 1 1
github.com/gosharplite/tell-me-go/internal/tools/intelligence.go:1346.7,1346.34 1 1
github.com/gosharplite/tell-me-go/internal/tools/intelligence.go:1347.28,1349.44 2 1
github.com/gosharplite/tell-me-go/internal/tools/intelligence.go:1349.44,1351.39 2 1
github.com/gosharplite/tell-me-go/internal/tools/intelligence.go:1351.39,1353.10 1 1
github.com/gosharplite/tell-me-go/internal/tools/intelligence.go:1354.9,1355.29 2 1
github.com/gosharplite/tell-me-go/internal/tools/intelligence.go:1355.29,1357.10 1 0
github.com/gosharplite/tell-me-go/internal/tools/intelligence.go:1358.9,1358.111 1 1
github.com/gosharplite/tell-me-go/internal/tools/intelligence.go:1360.31,1362.41 2 0
github.com/gosharplite/tell-me-go/internal/tools/intelligence.go:1362.41,1363.29 1 0
github.com/gosharplite/tell-me-go/internal/tools/intelligence.go:1363.29,1365.10 1 0
github.com/gosharplite/tell-me-go/internal/tools/intelligence.go:1370.7,1371.72 2 1
github.com/gosharplite/tell-me-go/internal/tools/intelligence.go:1371.72,1372.61 1 1
github.com/gosharplite/tell-me-go/internal/tools/intelligence.go:1372.61,1374.9 1 1
github.com/gosharplite/tell-me-go/internal/tools/intelligence.go:1375.8,1376.21 2 1
github.com/gosharplite/tell-me-go/internal/tools/intelligence.go:1376.21,1378.9 1 0
github.com/gosharplite/tell-me-go/internal/tools/intelligence.go:1379.8,1379.35 1 1
github.com/gosharplite/tell-me-go/internal/tools/intelligence.go:1379.35,1380.62 1 1
github.com/gosharplite/tell-me-go/internal/tools/intelligence.go:1380.62,1382.59 2 1
github.com/gosharplite/tell-me-go/internal/tools/intelligence.go:1382.59,1384.11 1 1
github.com/gosharplite/tell-me-go/internal/tools/intelligence.go:1387.8,1387.18 1 1
github.com/gosharplite/tell-me-go/internal/tools/intelligence.go:1389.7,1389.30 1 1
github.com/gosharplite/tell-me-go/internal/tools/intelligence.go:1394.3,1394.13 1 0
github.com/gosharplite/tell-me-go/internal/tools/intelligence.go:1397.2,1397.16 1 1
github.com/gosharplite/tell-me-go/internal/tools/intelligence.go:1397.16,1399.3 1 0
github.com/gosharplite/tell-me-go/internal/tools/intelligence.go:1400.2,1400.19 1 1
github.com/gosharplite/tell-me-go/internal/tools/intelligence.go:1400.19,1402.3 1 0
github.com/gosharplite/tell-me-go/internal/tools/intelligence.go:1403.2,1403.49 1 1
github.com/gosharplite/tell-me-go/internal/tools/intelligence.go:1406.125,1411.55 3 0
github.com/gosharplite/tell-me-go/internal/tools/intelligence.go:1411.55,1413.30 2 0
github.com/gosharplite/tell-me-go/internal/tools/intelligence.go:1413.30,1414.76 1 0
github.com/gosharplite/tell-me-go/internal/tools/intelligence.go:1414.76,1416.5 1 0
github.com/gosharplite/tell-me-go/internal/tools/intelligence.go:1421.2,1425.81 4 0
github.com/gosharplite/tell-me-go/internal/tools/intelligence.go:1425.81,1426.17 1 0
github.com/gosharplite/tell-me-go/internal/tools/intelligence.go:1426.17,1428.4 1 0
github.com/gosharplite/tell-me-go/internal/tools/intelligence.go:1429.3,1429.19 1 0
github.com/gosharplite/tell-me-go/internal/tools/intelligence.go:1429.19,1430.89 1 0
github.com/gosharplite/tell-me-go/internal/tools/intelligence.go:1430.89,1432.5 1 0
github.com/gosharplite/tell-me-go/internal/tools/intelligence.go:1433.4,1433.14 1 0
github.com/gosharplite/tell-me-go/internal/tools/intelligence.go:1436.3,1437.16 2 0
github.com/gosharplite/tell-me-go/internal/tools/intelligence.go:1437.16,1439.4 1 0
github.com/gosharplite/tell-me-go/internal/tools/intelligence.go:1440.3,1442.19 2 0
github.com/gosharplite/tell-me-go/internal/tools/intelligence.go:1442.19,1445.47 2 0
github.com/gosharplite/tell-me-go/internal/tools/intelligence.go:1445.47,1447.5 1 0
github.com/gosharplite/tell-me-go/internal/tools/intelligence.go:1449.3,1449.13 1 0
github.com/gosharplite/tell-me-go/internal/tools/intelligence.go:1452.2,1452.16 1 0
github.com/gosharplite/tell-me-go/internal/tools/intelligence.go:1452.16,1454.3 1 0
github.com/gosharplite/tell-me-go/internal/tools/intelligence.go:1456.2,1457.37 2 0
github.com/gosharplite/tell-me-go/internal/tools/intelligence.go:1457.37,1459.3 1 0
github.com/gosharplite/tell-me-go/internal/tools/intelligence.go:1461.2,1462.28 2 0
github.com/gosharplite/tell-me-go/internal/tools/intelligence.go:1462.28,1464.3 1 0
github.com/gosharplite/tell-me-go/internal/tools/intelligence.go:1465.2,1467.49 2 0
github.com/gosharplite/tell-me-go/internal/tools/intelligence.go:1470.128,1474.53 2 0
github.com/gosharplite/tell-me-go/internal/tools/intelligence.go:1474.53,1476.3 1 0
github.com/gosharplite/tell-me-go/internal/tools/intelligence.go:1478.2,1480.16 3 0
github.com/gosharplite/tell-me-go/internal/tools/intelligence.go:1480.16,1482.3 1 0
github.com/gosharplite/tell-me-go/internal/tools/intelligence.go:1484.2,1485.80 2 0
github.com/gosharplite/tell-me-go/internal/tools/intelligence.go:1485.80,1486.17 1 0
github.com/gosharplite/tell-me-go/internal/tools/intelligence.go:1486.17,1488.4 1 0
github.com/gosharplite/tell-me-go/internal/tools/intelligence.go:1490.3,1490.10 1 0
github.com/gosharplite/tell-me-go/internal/tools/intelligence.go:1491.21,1492.20 1 0
github.com/gosharplite/tell-me-go/internal/tools/intelligence.go:1493.11,1493.11 0 0
github.com/gosharplite/tell-me-go/internal/tools/intelligence.go:1496.3,1496.19 1 0
github.com/gosharplite/tell-me-go/internal/tools/intelligence.go:1496.19,1497.116 1 0
github.com/gosharplite/tell-me-go/internal/tools/intelligence.go:1497.116,1499.5 1 0
github.com/gosharplite/tell-me-go/internal/tools/intelligence.go:1500.4,1500.14 1 0
github.com/gosharplite/tell-me-go/internal/tools/intelligence.go:1504.3,1504.30 1 0
github.com/gosharplite/tell-me-go/internal/tools/intelligence.go:1504.30,1506.4 1 0
github.com/gosharplite/tell-me-go/internal/tools/intelligence.go:1508.3,1509.17 2 0
github.com/gosharplite/tell-me-go/internal/tools/intelligence.go:1509.17,1511.4 1 0
github.com/gosharplite/tell-me-go/internal/tools/intelligence.go:1513.3,1513.24 1 0
github.com/gosharplite/tell-me-go/internal/tools/intelligence.go:1513.24,1515.4 1 0
github.com/gosharplite/tell-me-go/internal/tools/intelligence.go:1517.3,1518.30 2 0
github.com/gosharplite/tell-me-go/internal/tools/intelligence.go:1518.30,1519.28 1 0
github.com/gosharplite/tell-me-go/internal/tools/intelligence.go:1519.28,1521.27 2 0
github.com/gosharplite/tell-me-go/internal/tools/intelligence.go:1521.27,1523.6 1 0
github.com/gosharplite/tell-me-go/internal/tools/intelligence.go:1524.5,1525.27 2 0
github.com/gosharplite/tell-me-go/internal/tools/intelligence.go:1525.27,1527.6 1 0
github.com/gosharplite/tell-me-go/internal/tools/intelligence.go:1530.3,1530.13 1 0
github.com/gosharplite/tell-me-go/internal/tools/intelligence.go:1533.2,1533.53 1 0
github.com/gosharplite/tell-me-go/internal/tools/intelligence.go:1533.53,1535.3 1 0
github.com/gosharplite/tell-me-go/internal/tools/intelligence.go:1537.2,1537.23 1 0
github.com/gosharplite/tell-me-go/internal/tools/intelligence.go:1537.23,1539.3 1 0
github.com/gosharplite/tell-me-go/internal/tools/intelligence.go:1541.2,1542.53 2 0
github.com/gosharplite/tell-me-go/internal/tools/intelligence.go:1542.53,1544.3 1 0
github.com/gosharplite/tell-me-go/internal/tools/intelligence.go:1545.2,1545.41 1 0
github.com/gosharplite/tell-me-go/internal/tools/intelligence.go:1548.120,1552.53 2 1
github.com/gosharplite/tell-me-go/internal/tools/intelligence.go:1552.53,1554.3 1 0
github.com/gosharplite/tell-me-go/internal/tools/intelligence.go:1556.2,1574.16 12 1
github.com/gosharplite/tell-me-go/internal/tools/intelligence.go:1574.16,1576.3 1 0
github.com/gosharplite/tell-me-go/internal/tools/intelligence.go:1578.2,1581.39 3 1
github.com/gosharplite/tell-me-go/internal/tools/intelligence.go:1581.39,1582.77 1 1
github.com/gosharplite/tell-me-go/internal/tools/intelligence.go:1582.77,1583.12 1 0
github.com/gosharplite/tell-me-go/internal/tools/intelligence.go:1587.3,1588.17 2 1
github.com/gosharplite/tell-me-go/internal/tools/intelligence.go:1588.17,1589.12 1 0
github.com/gosharplite/tell-me-go/internal/tools/intelligence.go:1593.3,1595.17 3 1
github.com/gosharplite/tell-me-go/internal/tools/intelligence.go:1595.17,1597.4 1 1
github.com/gosharplite/tell-me-go/internal/tools/intelligence.go:1599.3,1600.21 2 1
github.com/gosharplite/tell-me-go/internal/tools/intelligence.go:1600.21,1602.36 1 1
github.com/gosharplite/tell-me-go/internal/tools/intelligence.go:1602.36,1604.25 2 1
github.com/gosharplite/tell-me-go/internal/tools/intelligence.go:1604.25,1606.6 1 1
github.com/gosharplite/tell-me-go/internal/tools/intelligence.go:1608.9,1610.4 1 1
github.com/gosharplite/tell-me-go/internal/tools/intelligence.go:1611.3,1611.23 1 1
github.com/gosharplite/tell-me-go/internal/tools/intelligence.go:1611.23,1613.31 2 1
github.com/gosharplite/tell-me-go/internal/tools/intelligence.go:1613.31,1615.5 1 1
github.com/gosharplite/tell-me-go/internal/tools/intelligence.go:1619.2,1619.49 1 1
github.com/gosharplite/tell-me-go/internal/tools/intelligence.go:1622.49,1626.31 3 1
github.com/gosharplite/tell-me-go/internal/tools/intelligence.go:1626.31,1628.3 1 1
github.com/gosharplite/tell-me-go/internal/tools/intelligence.go:1630.2,1631.31 2 1
github.com/gosharplite/tell-me-go/internal/tools/intelligence.go:1631.31,1633.3 1 1
github.com/gosharplite/tell-me-go/internal/tools/intelligence.go:1636.2,1637.27 2 1
github.com/gosharplite/tell-me-go/internal/tools/intelligence.go:1637.27,1639.3 1 1
github.com/gosharplite/tell-me-go/internal/tools/intelligence.go:1640.2,1642.25 2 1
github.com/gosharplite/tell-me-go/internal/tools/intelligence.go:1642.25,1644.40 2 1
github.com/gosharplite/tell-me-go/internal/tools/intelligence.go:1644.40,1646.4 1 1
github.com/gosharplite/tell-me-go/internal/tools/intelligence.go:1646.9,1647.40 1 1
github.com/gosharplite/tell-me-go/internal/tools/intelligence.go:1647.40,1649.5 1 1
github.com/gosharplite/tell-me-go/internal/tools/intelligence.go:1654.2,1655.27 2 1
github.com/gosharplite/tell-me-go/internal/tools/intelligence.go:1655.27,1657.3 1 1
github.com/gosharplite/tell-me-go/internal/tools/intelligence.go:1658.2,1660.29 2 1
github.com/gosharplite/tell-me-go/internal/tools/intelligence.go:1660.29,1661.33 1 1
github.com/gosharplite/tell-me-go/internal/tools/intelligence.go:1661.33,1663.4 1 1
github.com/gosharplite/tell-me-go/internal/tools/intelligence.go:1666.2,1666.16 1 1
github.com/gosharplite/tell-me-go/internal/tools/intelligence.go:1669.39,1670.26 1 1
github.com/gosharplite/tell-me-go/internal/tools/intelligence.go:1671.21,1673.44 2 1
github.com/gosharplite/tell-me-go/internal/tools/intelligence.go:1673.44,1676.4 2 0
github.com/gosharplite/tell-me-go/internal/tools/intelligence.go:1677.3,1677.24 1 1
github.com/gosharplite/tell-me-go/internal/tools/intelligence.go:1678.20,1679.46 1 0
github.com/gosharplite/tell-me-go/internal/tools/intelligence.go:1679.46,1680.48 1 0
github.com/gosharplite/tell-me-go/internal/tools/intelligence.go:1680.48,1682.5 1 0
github.com/gosharplite/tell-me-go/internal/tools/intelligence.go:1684.3,1684.47 1 0
github.com/gosharplite/tell-me-go/internal/tools/intelligence.go:1684.47,1686.4 1 0
github.com/gosharplite/tell-me-go/internal/tools/intelligence.go:1687.3,1687.45 1 0
github.com/gosharplite/tell-me-go/internal/tools/intelligence.go:1687.45,1689.4 1 0
github.com/gosharplite/tell-me-go/internal/tools/intelligence.go:1691.2,1691.18 1 0
github.com/gosharplite/tell-me-go/internal/tools/intelligence.go:1694.38,1698.52 3 1
github.com/gosharplite/tell-me-go/internal/tools/intelligence.go:1698.52,1700.3 1 0
github.com/gosharplite/tell-me-go/internal/tools/intelligence.go:1701.2,1701.52 1 1
github.com/gosharplite/tell-me-go/internal/tools/intelligence.go:1701.52,1703.3 1 0
github.com/gosharplite/tell-me-go/internal/tools/intelligence.go:1704.2,1704.39 1 1
github.com/gosharplite/tell-me-go/internal/tools/media.go:24.83,64.2 3 1
github.com/gosharplite/tell-me-go/internal/tools/media.go:66.112,72.53 2 0
github.com/gosharplite/tell-me-go/internal/tools/media.go:72.53,74.3 1 0
github.com/gosharplite/tell-me-go/internal/tools/media.go:76.2,78.23 3 0
github.com/gosharplite/tell-me-go/internal/tools/media.go:78.23,80.3 1 0
github.com/gosharplite/tell-me-go/internal/tools/media.go:82.2,83.17 2 0
github.com/gosharplite/tell-me-go/internal/tools/media.go:83.17,85.3 1 0
github.com/gosharplite/tell-me-go/internal/tools/media.go:87.2,87.9 1 0
github.com/gosharplite/tell-me-go/internal/tools/media.go:87.9,91.3 3 0
github.com/gosharplite/tell-me-go/internal/tools/media.go:94.2,101.16 5 0
github.com/gosharplite/tell-me-go/internal/tools/media.go:101.16,103.3 1 0
github.com/gosharplite/tell-me-go/internal/tools/media.go:105.2,105.22 1 0
github.com/gosharplite/tell-me-go/internal/tools/media.go:105.22,107.3 1 0
github.com/gosharplite/tell-me-go/internal/tools/media.go:110.2,111.50 2 0
github.com/gosharplite/tell-me-go/internal/tools/media.go:111.50,113.3 1 0
github.com/gosharplite/tell-me-go/internal/tools/media.go:116.2,117.46 2 0
github.com/gosharplite/tell-me-go/internal/tools/media.go:117.46,118.81 1 0
github.com/gosharplite/tell-me-go/internal/tools/media.go:118.81,120.4 1 0
github.com/gosharplite/tell-me-go/internal/tools/media.go:121.3,121.13 1 0
github.com/gosharplite/tell-me-go/internal/tools/media.go:123.2,123.26 1 0
github.com/gosharplite/tell-me-go/internal/tools/media.go:123.26,125.3 1 0
github.com/gosharplite/tell-me-go/internal/tools/media.go:127.2,130.63 3 0
github.com/gosharplite/tell-me-go/internal/tools/media.go:130.63,132.3 1 0
github.com/gosharplite/tell-me-go/internal/tools/media.go:134.2,134.107 1 0
github.com/gosharplite/tell-me-go/internal/tools/media.go:137.110,141.53 2 0
github.com/gosharplite/tell-me-go/internal/tools/media.go:141.53,143.3 1 0
github.com/gosharplite/tell-me-go/internal/tools/media.go:145.2,146.46 2 0
github.com/gosharplite/tell-me-go/internal/tools/media.go:146.46,148.3 1 0
github.com/gosharplite/tell-me-go/internal/tools/media.go:150.2,150.9 1 0
github.com/gosharplite/tell-me-go/internal/tools/media.go:150.9,154.3 3 0
github.com/gosharplite/tell-me-go/internal/tools/media.go:156.2,157.16 2 0
github.com/gosharplite/tell-me-go/internal/tools/media.go:157.16,159.3 1 0
github.com/gosharplite/tell-me-go/internal/tools/media.go:162.2,163.44 2 0
github.com/gosharplite/tell-me-go/internal/tools/media.go:163.44,165.3 1 0
github.com/gosharplite/tell-me-go/internal/tools/media.go:167.2,175.8 1 0
github.com/gosharplite/tell-me-go/internal/tools/metrics.go:45.152,57.86 2 1
github.com/gosharplite/tell-me-go/internal/tools/metrics.go:57.86,60.3 2 0
github.com/gosharplite/tell-me-go/internal/tools/metrics.go:62.2,65.86 1 1
github.com/gosharplite/tell-me-go/internal/tools/metrics.go:65.86,70.3 3 0
github.com/gosharplite/tell-me-go/internal/tools/metrics.go:74.139,84.2 3 0
github.com/gosharplite/tell-me-go/internal/tools/metrics.go:86.94,97.16 7 1
github.com/gosharplite/tell-me-go/internal/tools/metrics.go:97.16,99.3 1 0
github.com/gosharplite/tell-me-go/internal/tools/metrics.go:100.2,100.15 1 1
github.com/gosharplite/tell-me-go/internal/tools/metrics.go:100.15,103.3 2 1
github.com/gosharplite/tell-me-go/internal/tools/metrics.go:105.2,108.58 2 1
github.com/gosharplite/tell-me-go/internal/tools/metrics.go:108.58,109.59 1 1
github.com/gosharplite/tell-me-go/internal/tools/metrics.go:109.59,112.4 2 0
github.com/gosharplite/tell-me-go/internal/tools/metrics.go:116.2,117.28 2 1
github.com/gosharplite/tell-me-go/internal/tools/metrics.go:117.28,118.34 1 1
github.com/gosharplite/tell-me-go/internal/tools/metrics.go:118.34,121.9 3 1
github.com/gosharplite/tell-me-go/internal/tools/metrics.go:124.2,124.12 1 1
github.com/gosharplite/tell-me-go/internal/tools/metrics.go:124.12,126.3 1 1
github.com/gosharplite/tell-me-go/internal/tools/metrics.go:129.2,131.54 3 1
github.com/gosharplite/tell-me-go/internal/tools/metrics.go:131.54,133.52 2 1
github.com/gosharplite/tell-me-go/internal/tools/metrics.go:133.52,134.49 1 1
github.com/gosharplite/tell-me-go/internal/tools/metrics.go:134.49,135.51 1 1
github.com/gosharplite/tell-me-go/internal/tools/metrics.go:135.51,137.6 1 1
github.com/gosharplite/tell-me-go/internal/tools/metrics.go:142.2,142.23 1 1
github.com/gosharplite/tell-me-go/internal/tools/metrics.go:142.23,145.29 3 1
github.com/gosharplite/tell-me-go/internal/tools/metrics.go:145.29,146.24 1 1
github.com/gosharplite/tell-me-go/internal/tools/metrics.go:146.24,148.5 1 1
github.com/gosharplite/tell-me-go/internal/tools/metrics.go:150.3,150.21 1 1
github.com/gosharplite/tell-me-go/internal/tools/metrics.go:154.2,154.69 1 1
github.com/gosharplite/tell-me-go/internal/tools/metrics.go:154.69,156.3 1 1
github.com/gosharplite/tell-me-go/internal/tools/metrics.go:159.78,167.16 7 1
github.com/gosharplite/tell-me-go/internal/tools/metrics.go:167.16,169.3 1 1
github.com/gosharplite/tell-me-go/internal/tools/metrics.go:171.2,172.58 2 1
github.com/gosharplite/tell-me-go/internal/tools/metrics.go:172.58,174.3 1 0
github.com/gosharplite/tell-me-go/internal/tools/metrics.go:177.2,178.28 2 1
github.com/gosharplite/tell-me-go/internal/tools/metrics.go:178.28,180.3 1 1
github.com/gosharplite/tell-me-go/internal/tools/metrics.go:182.2,189.29 6 1
github.com/gosharplite/tell-me-go/internal/tools/metrics.go:189.29,191.3 1 1
github.com/gosharplite/tell-me-go/internal/tools/metrics.go:192.2,195.26 3 1
github.com/gosharplite/tell-me-go/internal/tools/metrics.go:195.26,199.3 3 1
github.com/gosharplite/tell-me-go/internal/tools/metrics.go:200.2,202.25 2 1
github.com/gosharplite/tell-me-go/internal/tools/metrics.go:206.95,212.91 4 1
github.com/gosharplite/tell-me-go/internal/tools/metrics.go:212.91,214.81 2 1
github.com/gosharplite/tell-me-go/internal/tools/metrics.go:214.81,216.4 1 0
github.com/gosharplite/tell-me-go/internal/tools/metrics.go:219.2,224.49 4 1
github.com/gosharplite/tell-me-go/internal/tools/metrics.go:224.49,225.48 1 0
github.com/gosharplite/tell-me-go/internal/tools/metrics.go:225.48,226.58 1 0
github.com/gosharplite/tell-me-go/internal/tools/metrics.go:226.58,227.58 1 0
github.com/gosharplite/tell-me-go/internal/tools/metrics.go:227.58,229.6 1 0
github.com/gosharplite/tell-me-go/internal/tools/metrics.go:235.2,235.15 1 1
github.com/gosharplite/tell-me-go/internal/tools/metrics.go:235.15,240.53 4 1
github.com/gosharplite/tell-me-go/internal/tools/metrics.go:240.53,242.67 2 1
github.com/gosharplite/tell-me-go/internal/tools/metrics.go:242.67,244.69 1 1
github.com/gosharplite/tell-me-go/internal/tools/metrics.go:244.69,246.6 1 1
github.com/gosharplite/tell-me-go/internal/tools/metrics.go:247.5,247.20 1 1
github.com/gosharplite/tell-me-go/internal/tools/metrics.go:253.2,253.15 1 1
github.com/gosharplite/tell-me-go/internal/tools/metrics.go:253.15,255.3 1 0
github.com/gosharplite/tell-me-go/internal/tools/metrics.go:257.2,257.13 1 1
github.com/gosharplite/tell-me-go/internal/tools/metrics.go:260.106,262.44 1 1
github.com/gosharplite/tell-me-go/internal/tools/metrics.go:262.44,264.3 1 0
github.com/gosharplite/tell-me-go/internal/tools/metrics.go:266.2,266.35 1 1
github.com/gosharplite/tell-me-go/internal/tools/metrics.go:266.35,267.55 1 1
github.com/gosharplite/tell-me-go/internal/tools/metrics.go:267.55,269.4 1 1
github.com/gosharplite/tell-me-go/internal/tools/metrics.go:272.2,272.34 1 0
github.com/gosharplite/tell-me-go/internal/tools/metrics.go:275.113,276.51 1 1
github.com/gosharplite/tell-me-go/internal/tools/metrics.go:276.51,278.3 1 0
github.com/gosharplite/tell-me-go/internal/tools/metrics.go:280.2,284.39 3 1
github.com/gosharplite/tell-me-go/internal/tools/metrics.go:284.39,286.3 1 0
github.com/gosharplite/tell-me-go/internal/tools/metrics.go:288.2,289.16 2 1
github.com/gosharplite/tell-me-go/internal/tools/metrics.go:289.16,291.3 1 0
github.com/gosharplite/tell-me-go/internal/tools/metrics.go:292.2,298.21 5 1
github.com/gosharplite/tell-me-go/internal/tools/metrics.go:298.21,301.22 3 1
github.com/gosharplite/tell-me-go/internal/tools/metrics.go:301.22,302.12 1 1
github.com/gosharplite/tell-me-go/internal/tools/metrics.go:305.3,321.61 13 1
github.com/gosharplite/tell-me-go/internal/tools/metrics.go:321.61,323.4 1 0
github.com/gosharplite/tell-me-go/internal/tools/metrics.go:325.3,329.44 5 1
github.com/gosharplite/tell-me-go/internal/tools/metrics.go:332.2,335.18 2 1
github.com/gosharplite/tell-me-go/internal/tools/metrics.go:335.18,336.22 1 1
github.com/gosharplite/tell-me-go/internal/tools/metrics.go:336.22,338.4 1 1
github.com/gosharplite/tell-me-go/internal/tools/metrics.go:339.3,344.5 1 1
github.com/gosharplite/tell-me-go/internal/tools/metrics.go:347.2,352.71 4 1
github.com/gosharplite/tell-me-go/internal/tools/metrics.go:352.71,353.38 1 1
github.com/gosharplite/tell-me-go/internal/tools/metrics.go:353.38,355.4 1 0
github.com/gosharplite/tell-me-go/internal/tools/metrics.go:356.8,356.54 1 0
github.com/gosharplite/tell-me-go/internal/tools/metrics.go:356.54,358.3 1 0
github.com/gosharplite/tell-me-go/internal/tools/metrics.go:359.2,365.41 4 1
github.com/gosharplite/tell-me-go/internal/tools/metrics.go:365.41,368.15 2 1
github.com/gosharplite/tell-me-go/internal/tools/metrics.go:369.14,370.38 1 1
github.com/gosharplite/tell-me-go/internal/tools/metrics.go:371.15,372.29 1 1
github.com/gosharplite/tell-me-go/internal/tools/metrics.go:372.29,374.5 1 1
github.com/gosharplite/tell-me-go/internal/tools/metrics.go:375.4,375.39 1 0
github.com/gosharplite/tell-me-go/internal/tools/metrics.go:376.15,377.29 1 1
github.com/gosharplite/tell-me-go/internal/tools/metrics.go:377.29,379.5 1 1
github.com/gosharplite/tell-me-go/internal/tools/metrics.go:380.4,380.39 1 0
github.com/gosharplite/tell-me-go/internal/tools/metrics.go:381.17,382.54 1 1
github.com/gosharplite/tell-me-go/internal/tools/metrics.go:384.3,384.13 1 0
github.com/gosharplite/tell-me-go/internal/tools/metrics.go:387.2,394.25 7 1
github.com/gosharplite/tell-me-go/internal/tools/security.go:37.44,39.2 1 1
github.com/gosharplite/tell-me-go/internal/tools/security.go:42.55,46.2 3 1
github.com/gosharplite/tell-me-go/internal/tools/security.go:49.46,52.25 3 0
github.com/gosharplite/tell-me-go/internal/tools/security.go:52.25,54.3 1 0
github.com/gosharplite/tell-me-go/internal/tools/security.go:55.2,56.16 2 0
github.com/gosharplite/tell-me-go/internal/tools/security.go:56.16,58.3 1 0
github.com/gosharplite/tell-me-go/internal/tools/security.go:62.50,66.2 3 1
github.com/gosharplite/tell-me-go/internal/tools/security.go:69.46,75.16 5 0
github.com/gosharplite/tell-me-go/internal/tools/security.go:75.16,77.3 1 0
github.com/gosharplite/tell-me-go/internal/tools/security.go:78.2,79.12 2 0
github.com/gosharplite/tell-me-go/internal/tools/security.go:79.12,81.3 1 0
github.com/gosharplite/tell-me-go/internal/tools/security.go:82.2,82.49 1 0
github.com/gosharplite/tell-me-go/internal/tools/security.go:86.60,88.2 1 0
github.com/gosharplite/tell-me-go/internal/tools/security.go:91.43,93.2 1 1
github.com/gosharplite/tell-me-go/internal/tools/security.go:96.45,98.2 1 1
github.com/gosharplite/tell-me-go/internal/tools/security.go:101.57,103.9 1 1
github.com/gosharplite/tell-me-go/internal/tools/security.go:104.20,105.23 1 1
github.com/gosharplite/tell-me-go/internal/tools/security.go:106.10,106.10 0 1
github.com/gosharplite/tell-me-go/internal/tools/security.go:110.2,110.56 1 1
github.com/gosharplite/tell-me-go/internal/tools/security.go:110.56,112.3 1 1
github.com/gosharplite/tell-me-go/internal/tools/security.go:114.2,115.26 2 1
github.com/gosharplite/tell-me-go/internal/tools/security.go:115.26,117.3 1 1
github.com/gosharplite/tell-me-go/internal/tools/security.go:119.2,120.16 2 0
github.com/gosharplite/tell-me-go/internal/tools/security.go:120.16,122.3 1 0
github.com/gosharplite/tell-me-go/internal/tools/security.go:123.2,130.12 4 0
github.com/gosharplite/tell-me-go/internal/tools/security.go:130.12,133.17 3 0
github.com/gosharplite/tell-me-go/internal/tools/security.go:133.17,135.4 1 0
github.com/gosharplite/tell-me-go/internal/tools/security.go:135.9,137.4 1 0
github.com/gosharplite/tell-me-go/internal/tools/security.go:140.2,140.9 1 0
github.com/gosharplite/tell-me-go/internal/tools/security.go:141.20,142.23 1 0
github.com/gosharplite/tell-me-go/internal/tools/security.go:143.24,144.21 1 0
github.com/gosharplite/tell-me-go/internal/tools/security.go:144.21,146.4 1 0
github.com/gosharplite/tell-me-go/internal/tools/security.go:147.3,147.17 1 0
github.com/gosharplite/tell-me-go/internal/tools/security.go:147.17,149.4 1 0
github.com/gosharplite/tell-me-go/internal/tools/security.go:150.3,150.45 1 0
github.com/gosharplite/tell-me-go/internal/tools/security.go:155.72,156.30 1 1
github.com/gosharplite/tell-me-go/internal/tools/security.go:156.30,158.3 1 1
github.com/gosharplite/tell-me-go/internal/tools/security.go:159.2,161.16 3 0
github.com/gosharplite/tell-me-go/internal/tools/security.go:161.16,164.3 2 0
github.com/gosharplite/tell-me-go/internal/tools/security.go:165.2,167.58 3 0
github.com/gosharplite/tell-me-go/internal/tools/security.go:171.119,176.26 4 1
github.com/gosharplite/tell-me-go/internal/tools/security.go:176.26,178.3 1 0
github.com/gosharplite/tell-me-go/internal/tools/security.go:180.2,180.25 1 1
github.com/gosharplite/tell-me-go/internal/tools/security.go:180.25,184.3 3 1
github.com/gosharplite/tell-me-go/internal/tools/security.go:186.2,188.18 3 1
github.com/gosharplite/tell-me-go/internal/tools/security.go:188.18,189.25 1 1
github.com/gosharplite/tell-me-go/internal/tools/security.go:189.25,191.4 1 0
github.com/gosharplite/tell-me-go/internal/tools/security.go:192.3,192.56 1 1
github.com/gosharplite/tell-me-go/internal/tools/security.go:194.2,198.16 4 1
github.com/gosharplite/tell-me-go/internal/tools/security.go:198.16,200.3 1 1
github.com/gosharplite/tell-me-go/internal/tools/security.go:201.2,201.17 1 1
github.com/gosharplite/tell-me-go/internal/tools/security.go:201.17,204.3 2 1
github.com/gosharplite/tell-me-go/internal/tools/security.go:205.2,205.19 1 0
github.com/gosharplite/tell-me-go/internal/tools/security.go:209.58,213.2 3 0
github.com/gosharplite/tell-me-go/internal/tools/security.go:216.62,220.2 3 0
github.com/gosharplite/tell-me-go/internal/tools/security.go:223.50,228.16 4 0
github.com/gosharplite/tell-me-go/internal/tools/security.go:228.16,230.3 1 0
github.com/gosharplite/tell-me-go/internal/tools/security.go:232.2,232.49 1 0
github.com/gosharplite/tell-me-go/internal/tools/security.go:232.49,234.3 1 0
github.com/gosharplite/tell-me-go/internal/tools/security.go:236.2,237.16 2 0
github.com/gosharplite/tell-me-go/internal/tools/security.go:237.16,239.3 1 0
github.com/gosharplite/tell-me-go/internal/tools/security.go:241.2,242.53 2 0
github.com/gosharplite/tell-me-go/internal/tools/security.go:242.53,244.3 1 0
github.com/gosharplite/tell-me-go/internal/tools/security.go:246.2,246.26 1 0
github.com/gosharplite/tell-me-go/internal/tools/security.go:246.26,248.3 1 0
github.com/gosharplite/tell-me-go/internal/tools/security.go:249.2,249.12 1 0
github.com/gosharplite/tell-me-go/internal/tools/security.go:253.54,258.16 4 0
github.com/gosharplite/tell-me-go/internal/tools/security.go:258.16,260.3 1 0
github.com/gosharplite/tell-me-go/internal/tools/security.go:262.2,262.49 1 0
github.com/gosharplite/tell-me-go/internal/tools/security.go:262.49,264.3 1 0
github.com/gosharplite/tell-me-go/internal/tools/security.go:266.2,267.16 2 0
github.com/gosharplite/tell-me-go/internal/tools/security.go:267.16,269.3 1 0
github.com/gosharplite/tell-me-go/internal/tools/security.go:271.2,272.53 2 0
github.com/gosharplite/tell-me-go/internal/tools/security.go:272.53,274.3 1 0
github.com/gosharplite/tell-me-go/internal/tools/security.go:276.2,276.26 1 0
github.com/gosharplite/tell-me-go/internal/tools/security.go:276.26,278.3 1 0
github.com/gosharplite/tell-me-go/internal/tools/security.go:279.2,279.12 1 0
github.com/gosharplite/tell-me-go/internal/tools/security.go:283.50,290.16 6 0
github.com/gosharplite/tell-me-go/internal/tools/security.go:290.16,292.3 1 0
github.com/gosharplite/tell-me-go/internal/tools/security.go:294.2,295.16 2 0
github.com/gosharplite/tell-me-go/internal/tools/security.go:295.16,297.3 1 0
github.com/gosharplite/tell-me-go/internal/tools/security.go:299.2,299.45 1 0
github.com/gosharplite/tell-me-go/internal/tools/security.go:303.54,310.16 6 0
github.com/gosharplite/tell-me-go/internal/tools/security.go:310.16,312.3 1 0
github.com/gosharplite/tell-me-go/internal/tools/security.go:314.2,315.16 2 0
github.com/gosharplite/tell-me-go/internal/tools/security.go:315.16,317.3 1 0
github.com/gosharplite/tell-me-go/internal/tools/security.go:319.2,319.45 1 0
github.com/gosharplite/tell-me-go/internal/tools/security.go:323.58,324.16 1 1
github.com/gosharplite/tell-me-go/internal/tools/security.go:324.16,326.3 1 0
github.com/gosharplite/tell-me-go/internal/tools/security.go:327.2,328.16 2 1
github.com/gosharplite/tell-me-go/internal/tools/security.go:328.16,330.3 1 0
github.com/gosharplite/tell-me-go/internal/tools/security.go:331.2,335.33 3 1
github.com/gosharplite/tell-me-go/internal/tools/security.go:335.33,336.15 1 0
github.com/gosharplite/tell-me-go/internal/tools/security.go:336.15,338.4 1 0
github.com/gosharplite/tell-me-go/internal/tools/security.go:340.2,340.42 1 1
github.com/gosharplite/tell-me-go/internal/tools/security.go:344.62,345.16 1 0
github.com/gosharplite/tell-me-go/internal/tools/security.go:345.16,347.3 1 0
github.com/gosharplite/tell-me-go/internal/tools/security.go:348.2,349.16 2 0
github.com/gosharplite/tell-me-go/internal/tools/security.go:349.16,351.3 1 0
github.com/gosharplite/tell-me-go/internal/tools/security.go:352.2,356.37 3 0
github.com/gosharplite/tell-me-go/internal/tools/security.go:356.37,357.15 1 0
github.com/gosharplite/tell-me-go/internal/tools/security.go:357.15,359.4 1 0
github.com/gosharplite/tell-me-go/internal/tools/security.go:361.2,361.50 1 0
github.com/gosharplite/tell-me-go/internal/tools/security.go:365.52,371.2 5 0
github.com/gosharplite/tell-me-go/internal/tools/security.go:374.56,380.2 5 0
github.com/gosharplite/tell-me-go/internal/tools/security.go:383.62,385.16 2 0
github.com/gosharplite/tell-me-go/internal/tools/security.go:385.16,387.3 1 0
github.com/gosharplite/tell-me-go/internal/tools/security.go:389.2,394.33 5 0
github.com/gosharplite/tell-me-go/internal/tools/security.go:394.33,395.15 1 0
github.com/gosharplite/tell-me-go/internal/tools/security.go:395.15,397.12 2 0
github.com/gosharplite/tell-me-go/internal/tools/security.go:399.3,399.33 1 0
github.com/gosharplite/tell-me-go/internal/tools/security.go:402.2,402.12 1 0
github.com/gosharplite/tell-me-go/internal/tools/security.go:402.12,404.3 1 0
github.com/gosharplite/tell-me-go/internal/tools/security.go:406.2,407.12 2 0
github.com/gosharplite/tell-me-go/internal/tools/security.go:411.66,413.16 2 0
github.com/gosharplite/tell-me-go/internal/tools/security.go:413.16,415.3 1 0
github.com/gosharplite/tell-me-go/internal/tools/security.go:417.2,422.37 5 0
github.com/gosharplite/tell-me-go/internal/tools/security.go:422.37,423.15 1 0
github.com/gosharplite/tell-me-go/internal/tools/security.go:423.15,425.12 2 0
github.com/gosharplite/tell-me-go/internal/tools/security.go:427.3,427.33 1 0
github.com/gosharplite/tell-me-go/internal/tools/security.go:430.2,430.12 1 0
github.com/gosharplite/tell-me-go/internal/tools/security.go:430.12,432.3 1 0
github.com/gosharplite/tell-me-go/internal/tools/security.go:434.2,435.12 2 0
github.com/gosharplite/tell-me-go/internal/tools/security.go:441.64,443.62 1 1
github.com/gosharplite/tell-me-go/internal/tools/security.go:443.62,445.3 1 1
github.com/gosharplite/tell-me-go/internal/tools/security.go:447.2,448.60 2 1
github.com/gosharplite/tell-me-go/internal/tools/security.go:448.60,450.3 1 1
github.com/gosharplite/tell-me-go/internal/tools/security.go:451.2,451.13 1 0
github.com/gosharplite/tell-me-go/internal/tools/security.go:455.58,456.16 1 1
github.com/gosharplite/tell-me-go/internal/tools/security.go:456.16,458.3 1 0
github.com/gosharplite/tell-me-go/internal/tools/security.go:461.2,464.33 2 1
github.com/gosharplite/tell-me-go/internal/tools/security.go:464.33,466.22 2 0
github.com/gosharplite/tell-me-go/internal/tools/security.go:466.22,468.4 1 0
github.com/gosharplite/tell-me-go/internal/tools/security.go:471.2,472.16 2 1
github.com/gosharplite/tell-me-go/internal/tools/security.go:472.16,474.3 1 0
github.com/gosharplite/tell-me-go/internal/tools/security.go:476.2,477.16 2 1
github.com/gosharplite/tell-me-go/internal/tools/security.go:477.16,479.3 1 0
github.com/gosharplite/tell-me-go/internal/tools/security.go:483.2,487.73 3 1
github.com/gosharplite/tell-me-go/internal/tools/security.go:487.73,489.3 1 1
github.com/gosharplite/tell-me-go/internal/tools/security.go:492.2,494.16 3 1
github.com/gosharplite/tell-me-go/internal/tools/security.go:494.16,496.82 2 1
github.com/gosharplite/tell-me-go/internal/tools/security.go:496.82,498.4 1 1
github.com/gosharplite/tell-me-go/internal/tools/security.go:502.2,506.28 3 1
github.com/gosharplite/tell-me-go/internal/tools/security.go:506.28,508.43 2 0
github.com/gosharplite/tell-me-go/internal/tools/security.go:508.43,510.4 1 0
github.com/gosharplite/tell-me-go/internal/tools/security.go:513.2,513.32 1 1
github.com/gosharplite/tell-me-go/internal/tools/security.go:513.32,515.47 2 0
github.com/gosharplite/tell-me-go/internal/tools/security.go:515.47,517.4 1 0
github.com/gosharplite/tell-me-go/internal/tools/security.go:520.2,520.34 1 1
github.com/gosharplite/tell-me-go/internal/tools/security.go:520.34,522.82 2 1
github.com/gosharplite/tell-me-go/internal/tools/security.go:522.82,524.4 1 0
github.com/gosharplite/tell-me-go/internal/tools/security.go:528.2,531.39 3 1
github.com/gosharplite/tell-me-go/internal/tools/security.go:531.39,533.90 2 0
github.com/gosharplite/tell-me-go/internal/tools/security.go:533.90,535.4 1 0
github.com/gosharplite/tell-me-go/internal/tools/security.go:538.2,538.121 1 1
github.com/gosharplite/tell-me-go/internal/tools/security.go:543.62,544.16 1 1
github.com/gosharplite/tell-me-go/internal/tools/security.go:544.16,546.3 1 0
github.com/gosharplite/tell-me-go/internal/tools/security.go:548.2,550.33 2 1
github.com/gosharplite/tell-me-go/internal/tools/security.go:550.33,552.22 2 0
github.com/gosharplite/tell-me-go/internal/tools/security.go:552.22,554.4 1 0
github.com/gosharplite/tell-me-go/internal/tools/security.go:557.2,558.16 2 1
github.com/gosharplite/tell-me-go/internal/tools/security.go:558.16,560.3 1 0
github.com/gosharplite/tell-me-go/internal/tools/security.go:562.2,563.16 2 1
github.com/gosharplite/tell-me-go/internal/tools/security.go:563.16,565.3 1 0
github.com/gosharplite/tell-me-go/internal/tools/security.go:568.2,572.73 3 1
github.com/gosharplite/tell-me-go/internal/tools/security.go:572.73,574.3 1 1
github.com/gosharplite/tell-me-go/internal/tools/security.go:577.2,579.16 3 1
github.com/gosharplite/tell-me-go/internal/tools/security.go:579.16,581.82 2 1
github.com/gosharplite/tell-me-go/internal/tools/security.go:581.82,583.4 1 1
github.com/gosharplite/tell-me-go/internal/tools/security.go:587.2,590.28 3 0
github.com/gosharplite/tell-me-go/internal/tools/security.go:590.28,592.43 2 0
github.com/gosharplite/tell-me-go/internal/tools/security.go:592.43,594.4 1 0
github.com/gosharplite/tell-me-go/internal/tools/security.go:597.2,597.32 1 0
github.com/gosharplite/tell-me-go/internal/tools/security.go:597.32,599.47 2 0
github.com/gosharplite/tell-me-go/internal/tools/security.go:599.47,601.4 1 0
github.com/gosharplite/tell-me-go/internal/tools/security.go:604.2,604.34 1 0
github.com/gosharplite/tell-me-go/internal/tools/security.go:604.34,606.82 2 0
github.com/gosharplite/tell-me-go/internal/tools/security.go:606.82,608.4 1 0
github.com/gosharplite/tell-me-go/internal/tools/security.go:611.2,611.116 1 0
github.com/gosharplite/tell-me-go/internal/tools/state.go:49.77,163.2 10 1
github.com/gosharplite/tell-me-go/internal/tools/state.go:165.58,178.2 1 1
github.com/gosharplite/tell-me-go/internal/tools/state.go:180.37,181.49 1 1
github.com/gosharplite/tell-me-go/internal/tools/state.go:181.49,182.57 1 0
github.com/gosharplite/tell-me-go/internal/tools/state.go:182.57,184.4 1 0
github.com/gosharplite/tell-me-go/internal/tools/state.go:188.43,190.16 2 1
github.com/gosharplite/tell-me-go/internal/tools/state.go:190.16,192.3 1 0
github.com/gosharplite/tell-me-go/internal/tools/state.go:193.2,193.53 1 1
github.com/gosharplite/tell-me-go/internal/tools/state.go:196.41,197.50 1 1
github.com/gosharplite/tell-me-go/internal/tools/state.go:197.50,198.58 1 1
github.com/gosharplite/tell-me-go/internal/tools/state.go:198.58,200.4 1 1
github.com/gosharplite/tell-me-go/internal/tools/state.go:204.47,206.2 1 1
github.com/gosharplite/tell-me-go/internal/tools/state.go:208.36,209.48 1 1
github.com/gosharplite/tell-me-go/internal/tools/state.go:209.48,210.56 1 1
github.com/gosharplite/tell-me-go/internal/tools/state.go:210.56,212.56 2 1
github.com/gosharplite/tell-me-go/internal/tools/state.go:212.56,213.30 1 1
github.com/gosharplite/tell-me-go/internal/tools/state.go:213.30,215.30 2 1
github.com/gosharplite/tell-me-go/internal/tools/state.go:215.30,217.7 1 0
github.com/gosharplite/tell-me-go/internal/tools/state.go:224.42,226.28 2 1
github.com/gosharplite/tell-me-go/internal/tools/state.go:226.28,228.3 1 1
github.com/gosharplite/tell-me-go/internal/tools/state.go:230.2,230.40 1 1
github.com/gosharplite/tell-me-go/internal/tools/state.go:230.40,232.3 1 1
github.com/gosharplite/tell-me-go/internal/tools/state.go:234.2,235.16 2 1
github.com/gosharplite/tell-me-go/internal/tools/state.go:235.16,237.3 1 0
github.com/gosharplite/tell-me-go/internal/tools/state.go:238.2,238.52 1 1
github.com/gosharplite/tell-me-go/internal/tools/state.go:241.115,249.16 5 0
github.com/gosharplite/tell-me-go/internal/tools/state.go:249.16,251.3 1 0
github.com/gosharplite/tell-me-go/internal/tools/state.go:252.2,252.50 1 0
github.com/gosharplite/tell-me-go/internal/tools/state.go:255.117,262.16 5 1
github.com/gosharplite/tell-me-go/internal/tools/state.go:263.14,264.25 1 1
github.com/gosharplite/tell-me-go/internal/tools/state.go:264.25,266.4 1 1
github.com/gosharplite/tell-me-go/internal/tools/state.go:267.3,267.51 1 1
github.com/gosharplite/tell-me-go/internal/tools/state.go:268.15,270.44 2 1
github.com/gosharplite/tell-me-go/internal/tools/state.go:270.44,272.4 1 0
github.com/gosharplite/tell-me-go/internal/tools/state.go:273.3,273.60 1 1
github.com/gosharplite/tell-me-go/internal/tools/state.go:274.16,275.25 1 1
github.com/gosharplite/tell-me-go/internal/tools/state.go:275.25,277.4 1 1
github.com/gosharplite/tell-me-go/internal/tools/state.go:278.3,279.44 2 1
github.com/gosharplite/tell-me-go/internal/tools/state.go:279.44,281.4 1 0
github.com/gosharplite/tell-me-go/internal/tools/state.go:282.3,282.72 1 1
github.com/gosharplite/tell-me-go/internal/tools/state.go:283.15,285.44 2 1
github.com/gosharplite/tell-me-go/internal/tools/state.go:285.44,287.4 1 0
github.com/gosharplite/tell-me-go/internal/tools/state.go:288.3,288.60 1 1
github.com/gosharplite/tell-me-go/internal/tools/state.go:289.10,290.70 1 0
github.com/gosharplite/tell-me-go/internal/tools/state.go:294.113,302.16 6 1
github.com/gosharplite/tell-me-go/internal/tools/state.go:303.13,304.16 1 1
github.com/gosharplite/tell-me-go/internal/tools/state.go:304.16,306.4 1 0
github.com/gosharplite/tell-me-go/internal/tools/state.go:307.3,308.40 2 1
github.com/gosharplite/tell-me-go/internal/tools/state.go:308.40,310.4 1 0
github.com/gosharplite/tell-me-go/internal/tools/state.go:311.3,311.83 1 1
github.com/gosharplite/tell-me-go/internal/tools/state.go:312.13,313.16 1 0
github.com/gosharplite/tell-me-go/internal/tools/state.go:313.16,315.4 1 0
github.com/gosharplite/tell-me-go/internal/tools/state.go:316.3,316.33 1 0
github.com/gosharplite/tell-me-go/internal/tools/state.go:316.33,318.4 1 0
github.com/gosharplite/tell-me-go/internal/tools/state.go:319.3,319.66 1 0
github.com/gosharplite/tell-me-go/internal/tools/state.go:320.16,321.16 1 0
github.com/gosharplite/tell-me-go/internal/tools/state.go:321.16,323.4 1 0
github.com/gosharplite/tell-me-go/internal/tools/state.go:324.3,325.40 2 0
github.com/gosharplite/tell-me-go/internal/tools/state.go:325.40,327.4 1 0
github.com/gosharplite/tell-me-go/internal/tools/state.go:328.3,328.77 1 0
github.com/gosharplite/tell-me-go/internal/tools/state.go:329.14,331.30 2 0
github.com/gosharplite/tell-me-go/internal/tools/state.go:331.30,333.4 1 0
github.com/gosharplite/tell-me-go/internal/tools/state.go:334.3,334.20 1 0
github.com/gosharplite/tell-me-go/internal/tools/state.go:334.20,336.4 1 0
github.com/gosharplite/tell-me-go/internal/tools/state.go:337.3,337.50 1 0
github.com/gosharplite/tell-me-go/internal/tools/state.go:338.10,339.70 1 0
github.com/gosharplite/tell-me-go/internal/tools/state.go:343.123,347.36 3 0
github.com/gosharplite/tell-me-go/internal/tools/state.go:347.36,349.3 1 0
github.com/gosharplite/tell-me-go/internal/tools/state.go:351.2,355.39 4 0
github.com/gosharplite/tell-me-go/internal/tools/state.go:355.39,357.3 1 0
github.com/gosharplite/tell-me-go/internal/tools/state.go:359.2,359.100 1 0
github.com/gosharplite/tell-me-go/internal/tools/state.go:362.112,371.44 7 1
github.com/gosharplite/tell-me-go/internal/tools/state.go:371.44,373.3 1 1
github.com/gosharplite/tell-me-go/internal/tools/state.go:375.2,375.16 1 1
github.com/gosharplite/tell-me-go/internal/tools/state.go:376.13,377.20 1 1
github.com/gosharplite/tell-me-go/internal/tools/state.go:377.20,379.4 1 0
github.com/gosharplite/tell-me-go/internal/tools/state.go:380.3,388.39 4 1
github.com/gosharplite/tell-me-go/internal/tools/state.go:388.39,390.4 1 0
github.com/gosharplite/tell-me-go/internal/tools/state.go:391.3,391.83 1 1
github.com/gosharplite/tell-me-go/internal/tools/state.go:393.16,394.19 1 1
github.com/gosharplite/tell-me-go/internal/tools/state.go:394.19,396.4 1 0
github.com/gosharplite/tell-me-go/internal/tools/state.go:397.3,398.10 2 1
github.com/gosharplite/tell-me-go/internal/tools/state.go:398.10,400.4 1 0
github.com/gosharplite/tell-me-go/internal/tools/state.go:401.3,401.20 1 1
github.com/gosharplite/tell-me-go/internal/tools/state.go:401.20,403.4 1 0
github.com/gosharplite/tell-me-go/internal/tools/state.go:404.3,404.19 1 1
github.com/gosharplite/tell-me-go/internal/tools/state.go:404.19,406.4 1 1
github.com/gosharplite/tell-me-go/internal/tools/state.go:407.3,408.39 2 1
github.com/gosharplite/tell-me-go/internal/tools/state.go:408.39,410.4 1 0
github.com/gosharplite/tell-me-go/internal/tools/state.go:411.3,411.79 1 1
github.com/gosharplite/tell-me-go/internal/tools/state.go:413.16,414.19 1 1
github.com/gosharplite/tell-me-go/internal/tools/state.go:414.19,416.4 1 0
github.com/gosharplite/tell-me-go/internal/tools/state.go:417.3,417.36 1 1
github.com/gosharplite/tell-me-go/internal/tools/state.go:417.36,419.4 1 0
github.com/gosharplite/tell-me-go/internal/tools/state.go:420.3,421.39 2 1
github.com/gosharplite/tell-me-go/internal/tools/state.go:421.39,423.4 1 0
github.com/gosharplite/tell-me-go/internal/tools/state.go:424.3,424.79 1 1
github.com/gosharplite/tell-me-go/internal/tools/state.go:426.14,428.29 2 1
github.com/gosharplite/tell-me-go/internal/tools/state.go:428.29,429.42 1 1
github.com/gosharplite/tell-me-go/internal/tools/state.go:429.42,430.13 1 0
github.com/gosharplite/tell-me-go/internal/tools/state.go:432.4,432.26 1 1
github.com/gosharplite/tell-me-go/internal/tools/state.go:434.3,434.40 1 1
github.com/gosharplite/tell-me-go/internal/tools/state.go:434.40,436.4 1 0
github.com/gosharplite/tell-me-go/internal/tools/state.go:438.3,438.21 1 1
github.com/gosharplite/tell-me-go/internal/tools/state.go:438.21,440.4 1 0
github.com/gosharplite/tell-me-go/internal/tools/state.go:442.3,444.26 3 1
github.com/gosharplite/tell-me-go/internal/tools/state.go:444.26,446.31 2 1
github.com/gosharplite/tell-me-go/internal/tools/state.go:446.31,448.5 1 0
github.com/gosharplite/tell-me-go/internal/tools/state.go:449.4,449.86 1 1
github.com/gosharplite/tell-me-go/internal/tools/state.go:451.3,451.50 1 1
github.com/gosharplite/tell-me-go/internal/tools/state.go:453.15,455.39 2 1
github.com/gosharplite/tell-me-go/internal/tools/state.go:455.39,457.4 1 0
github.com/gosharplite/tell-me-go/internal/tools/state.go:458.3,458.59 1 1
github.com/gosharplite/tell-me-go/internal/tools/state.go:460.10,461.70 1 0
github.com/gosharplite/tell-me-go/internal/tools/system.go:29.60,236.2 14 1
github.com/gosharplite/tell-me-go/internal/tools/system.go:238.118,250.2 9 0
github.com/gosharplite/tell-me-go/internal/tools/system.go:252.124,256.27 3 0
github.com/gosharplite/tell-me-go/internal/tools/system.go:256.27,258.3 1 0
github.com/gosharplite/tell-me-go/internal/tools/system.go:260.2,266.16 6 0
github.com/gosharplite/tell-me-go/internal/tools/system.go:266.16,268.3 1 0
github.com/gosharplite/tell-me-go/internal/tools/system.go:269.2,269.17 1 0
github.com/gosharplite/tell-me-go/internal/tools/system.go:269.17,271.3 1 0
github.com/gosharplite/tell-me-go/internal/tools/system.go:273.2,280.152 7 0
github.com/gosharplite/tell-me-go/internal/tools/system.go:283.119,285.21 2 0
github.com/gosharplite/tell-me-go/internal/tools/system.go:285.21,287.3 1 0
github.com/gosharplite/tell-me-go/internal/tools/system.go:289.2,291.26 3 0
github.com/gosharplite/tell-me-go/internal/tools/system.go:291.26,293.3 1 0
github.com/gosharplite/tell-me-go/internal/tools/system.go:294.2,294.49 1 0
github.com/gosharplite/tell-me-go/internal/tools/system.go:297.123,299.21 2 0
github.com/gosharplite/tell-me-go/internal/tools/system.go:299.21,301.3 1 0
github.com/gosharplite/tell-me-go/internal/tools/system.go:303.2,305.26 3 0
github.com/gosharplite/tell-me-go/internal/tools/system.go:305.26,307.3 1 0
github.com/gosharplite/tell-me-go/internal/tools/system.go:308.2,308.49 1 0
github.com/gosharplite/tell-me-go/internal/tools/system.go:311.120,318.53 4 0
github.com/gosharplite/tell-me-go/internal/tools/system.go:318.53,320.3 1 0
github.com/gosharplite/tell-me-go/internal/tools/system.go:322.2,323.16 2 0
github.com/gosharplite/tell-me-go/internal/tools/system.go:323.16,325.3 1 0
github.com/gosharplite/tell-me-go/internal/tools/system.go:327.2,328.16 2 0
github.com/gosharplite/tell-me-go/internal/tools/system.go:328.16,330.3 1 0
github.com/gosharplite/tell-me-go/internal/tools/system.go:333.2,333.27 1 0
github.com/gosharplite/tell-me-go/internal/tools/system.go:333.27,336.3 2 0
github.com/gosharplite/tell-me-go/internal/tools/system.go:336.8,342.17 5 0
github.com/gosharplite/tell-me-go/internal/tools/system.go:342.17,344.4 1 0
github.com/gosharplite/tell-me-go/internal/tools/system.go:345.3,345.18 1 0
github.com/gosharplite/tell-me-go/internal/tools/system.go:345.18,347.4 1 0
github.com/gosharplite/tell-me-go/internal/tools/system.go:348.3,348.93 1 0
github.com/gosharplite/tell-me-go/internal/tools/system.go:351.2,351.53 1 0
github.com/gosharplite/tell-me-go/internal/tools/system.go:351.53,353.3 1 0
github.com/gosharplite/tell-me-go/internal/tools/system.go:355.2,355.45 1 0
github.com/gosharplite/tell-me-go/internal/tools/system.go:355.45,357.3 1 0
github.com/gosharplite/tell-me-go/internal/tools/system.go:359.2,359.129 1 0
github.com/gosharplite/tell-me-go/internal/tools/system.go:362.124,369.53 4 0
github.com/gosharplite/tell-me-go/internal/tools/system.go:369.53,371.3 1 0
github.com/gosharplite/tell-me-go/internal/tools/system.go:373.2,374.16 2 0
github.com/gosharplite/tell-me-go/internal/tools/system.go:374.16,376.3 1 0
github.com/gosharplite/tell-me-go/internal/tools/system.go:378.2,379.16 2 0
github.com/gosharplite/tell-me-go/internal/tools/system.go:379.16,381.3 1 0
github.com/gosharplite/tell-me-go/internal/tools/system.go:384.2,384.27 1 0
github.com/gosharplite/tell-me-go/internal/tools/system.go:384.27,387.3 2 0
github.com/gosharplite/tell-me-go/internal/tools/system.go:387.8,393.17 5 0
github.com/gosharplite/tell-me-go/internal/tools/system.go:393.17,395.4 1 0
github.com/gosharplite/tell-me-go/internal/tools/system.go:396.3,396.18 1 0
github.com/gosharplite/tell-me-go/internal/tools/system.go:396.18,398.4 1 0
github.com/gosharplite/tell-me-go/internal/tools/system.go:399.3,399.93 1 0
github.com/gosharplite/tell-me-go/internal/tools/system.go:402.2,402.57 1 0
github.com/gosharplite/tell-me-go/internal/tools/system.go:402.57,404.3 1 0
github.com/gosharplite/tell-me-go/internal/tools/system.go:406.2,406.49 1 0
github.com/gosharplite/tell-me-go/internal/tools/system.go:406.49,408.3 1 0
github.com/gosharplite/tell-me-go/internal/tools/system.go:410.2,410.139 1 0
github.com/gosharplite/tell-me-go/internal/tools/system.go:413.122,421.53 4 0
github.com/gosharplite/tell-me-go/internal/tools/system.go:421.53,423.3 1 0
github.com/gosharplite/tell-me-go/internal/tools/system.go:425.2,428.16 3 0
github.com/gosharplite/tell-me-go/internal/tools/system.go:428.16,430.3 1 0
github.com/gosharplite/tell-me-go/internal/tools/system.go:432.2,433.16 2 0
github.com/gosharplite/tell-me-go/internal/tools/system.go:433.16,435.3 1 0
github.com/gosharplite/tell-me-go/internal/tools/system.go:438.2,438.27 1 0
github.com/gosharplite/tell-me-go/internal/tools/system.go:438.27,441.3 2 0
github.com/gosharplite/tell-me-go/internal/tools/system.go:441.8,443.19 2 0
github.com/gosharplite/tell-me-go/internal/tools/system.go:443.19,445.4 1 0
github.com/gosharplite/tell-me-go/internal/tools/system.go:446.3,450.17 4 0
github.com/gosharplite/tell-me-go/internal/tools/system.go:450.17,452.4 1 0
github.com/gosharplite/tell-me-go/internal/tools/system.go:453.3,453.18 1 0
github.com/gosharplite/tell-me-go/internal/tools/system.go:453.18,455.4 1 0
github.com/gosharplite/tell-me-go/internal/tools/system.go:458.3,461.17 4 0
github.com/gosharplite/tell-me-go/internal/tools/system.go:461.17,463.4 1 0
github.com/gosharplite/tell-me-go/internal/tools/system.go:464.3,464.18 1 0
github.com/gosharplite/tell-me-go/internal/tools/system.go:464.18,466.4 1 0
github.com/gosharplite/tell-me-go/internal/tools/system.go:467.3,467.124 1 0
github.com/gosharplite/tell-me-go/internal/tools/system.go:471.2,472.45 2 0
github.com/gosharplite/tell-me-go/internal/tools/system.go:472.45,474.3 1 0
github.com/gosharplite/tell-me-go/internal/tools/system.go:476.2,476.119 1 0
github.com/gosharplite/tell-me-go/internal/tools/system.go:479.126,487.53 4 0
github.com/gosharplite/tell-me-go/internal/tools/system.go:487.53,489.3 1 0
github.com/gosharplite/tell-me-go/internal/tools/system.go:491.2,494.16 3 0
github.com/gosharplite/tell-me-go/internal/tools/system.go:494.16,496.3 1 0
github.com/gosharplite/tell-me-go/internal/tools/system.go:498.2,499.16 2 0
github.com/gosharplite/tell-me-go/internal/tools/system.go:499.16,501.3 1 0
github.com/gosharplite/tell-me-go/internal/tools/system.go:504.2,504.27 1 0
github.com/gosharplite/tell-me-go/internal/tools/system.go:504.27,507.3 2 0
github.com/gosharplite/tell-me-go/internal/tools/system.go:507.8,509.19 2 0
github.com/gosharplite/tell-me-go/internal/tools/system.go:509.19,511.4 1 0
github.com/gosharplite/tell-me-go/internal/tools/system.go:512.3,516.17 4 0
github.com/gosharplite/tell-me-go/internal/tools/system.go:516.17,518.4 1 0
github.com/gosharplite/tell-me-go/internal/tools/system.go:519.3,519.18 1 0
github.com/gosharplite/tell-me-go/internal/tools/system.go:519.18,521.4 1 0
github.com/gosharplite/tell-me-go/internal/tools/system.go:524.3,527.17 4 0
github.com/gosharplite/tell-me-go/internal/tools/system.go:527.17,529.4 1 0
github.com/gosharplite/tell-me-go/internal/tools/system.go:530.3,530.18 1 0
github.com/gosharplite/tell-me-go/internal/tools/system.go:530.18,532.4 1 0
github.com/gosharplite/tell-me-go/internal/tools/system.go:533.3,533.124 1 0
github.com/gosharplite/tell-me-go/internal/tools/system.go:537.2,538.49 2 0
github.com/gosharplite/tell-me-go/internal/tools/system.go:538.49,540.3 1 0
github.com/gosharplite/tell-me-go/internal/tools/system.go:542.2,542.131 1 0
github.com/gosharplite/tell-me-go/internal/tools/system.go:545.109,552.53 4 0
github.com/gosharplite/tell-me-go/internal/tools/system.go:552.53,554.3 1 0
github.com/gosharplite/tell-me-go/internal/tools/system.go:556.2,557.20 2 0
github.com/gosharplite/tell-me-go/internal/tools/system.go:557.20,559.3 1 0
github.com/gosharplite/tell-me-go/internal/tools/system.go:562.2,571.12 5 0
github.com/gosharplite/tell-me-go/internal/tools/system.go:571.12,575.3 3 0
github.com/gosharplite/tell-me-go/internal/tools/system.go:577.2,577.9 1 0
github.com/gosharplite/tell-me-go/internal/tools/system.go:578.20,579.39 1 0
github.com/gosharplite/tell-me-go/internal/tools/system.go:580.24,581.21 1 0
github.com/gosharplite/tell-me-go/internal/tools/system.go:581.21,583.4 1 0
github.com/gosharplite/tell-me-go/internal/tools/system.go:584.3,584.63 1 0
github.com/gosharplite/tell-me-go/internal/tools/system.go:588.118,592.53 2 0
github.com/gosharplite/tell-me-go/internal/tools/system.go:592.53,594.3 1 0
github.com/gosharplite/tell-me-go/internal/tools/system.go:596.2,597.15 2 0
github.com/gosharplite/tell-me-go/internal/tools/system.go:597.15,599.3 1 0
github.com/gosharplite/tell-me-go/internal/tools/system.go:601.2,607.16 4 0
github.com/gosharplite/tell-me-go/internal/tools/system.go:607.16,609.3 1 0
github.com/gosharplite/tell-me-go/internal/tools/system.go:610.2,612.38 2 0
github.com/gosharplite/tell-me-go/internal/tools/system.go:612.38,614.3 1 0
github.com/gosharplite/tell-me-go/internal/tools/system.go:617.2,619.16 3 0
github.com/gosharplite/tell-me-go/internal/tools/system.go:619.16,621.3 1 0
github.com/gosharplite/tell-me-go/internal/tools/system.go:623.2,642.26 11 0
github.com/gosharplite/tell-me-go/internal/tools/system.go:642.26,644.3 1 0
github.com/gosharplite/tell-me-go/internal/tools/system.go:646.2,646.45 1 0
github.com/gosharplite/tell-me-go/internal/tools/system.go:649.113,656.53 2 0
github.com/gosharplite/tell-me-go/internal/tools/system.go:656.53,658.3 1 0
github.com/gosharplite/tell-me-go/internal/tools/system.go:660.2,664.9 4 0
github.com/gosharplite/tell-me-go/internal/tools/system.go:664.9,668.3 3 0
github.com/gosharplite/tell-me-go/internal/tools/system.go:670.2,671.19 2 0
github.com/gosharplite/tell-me-go/internal/tools/system.go:671.19,673.3 1 0
github.com/gosharplite/tell-me-go/internal/tools/system.go:675.2,676.16 2 0
github.com/gosharplite/tell-me-go/internal/tools/system.go:676.16,678.3 1 0
github.com/gosharplite/tell-me-go/internal/tools/system.go:680.2,680.35 1 0
github.com/gosharplite/tell-me-go/internal/tools/system.go:680.35,682.3 1 0
github.com/gosharplite/tell-me-go/internal/tools/system.go:684.2,686.16 3 0
github.com/gosharplite/tell-me-go/internal/tools/system.go:686.16,688.3 1 0
github.com/gosharplite/tell-me-go/internal/tools/system.go:689.2,694.16 4 0
github.com/gosharplite/tell-me-go/internal/tools/system.go:694.16,696.3 1 0
github.com/gosharplite/tell-me-go/internal/tools/system.go:698.2,701.32 4 0
github.com/gosharplite/tell-me-go/internal/tools/system.go:701.32,703.3 1 0
github.com/gosharplite/tell-me-go/internal/tools/system.go:704.2,707.36 3 0
github.com/gosharplite/tell-me-go/internal/tools/system.go:707.36,709.3 1 0
github.com/gosharplite/tell-me-go/internal/tools/system.go:710.2,712.49 2 0
github.com/gosharplite/tell-me-go/internal/tools/system.go:715.116,725.53 4 1
github.com/gosharplite/tell-me-go/internal/tools/system.go:725.53,727.3 1 0
github.com/gosharplite/tell-me-go/internal/tools/system.go:729.2,730.19 2 1
github.com/gosharplite/tell-me-go/internal/tools/system.go:730.19,732.3 1 0
github.com/gosharplite/tell-me-go/internal/tools/system.go:734.2,738.22 4 1
github.com/gosharplite/tell-me-go/internal/tools/system.go:738.22,739.57 1 0
github.com/gosharplite/tell-me-go/internal/tools/system.go:739.57,741.4 1 0
github.com/gosharplite/tell-me-go/internal/tools/system.go:744.2,748.27 3 1
github.com/gosharplite/tell-me-go/internal/tools/system.go:748.27,751.3 2 1
github.com/gosharplite/tell-me-go/internal/tools/system.go:751.8,751.17 1 1
github.com/gosharplite/tell-me-go/internal/tools/system.go:751.17,754.3 2 1
github.com/gosharplite/tell-me-go/internal/tools/system.go:754.8,757.19 2 1
github.com/gosharplite/tell-me-go/internal/tools/system.go:757.19,759.4 1 0
github.com/gosharplite/tell-me-go/internal/tools/system.go:760.3,760.23 1 1
github.com/gosharplite/tell-me-go/internal/tools/system.go:760.23,762.18 2 0
github.com/gosharplite/tell-me-go/internal/tools/system.go:762.18,764.5 1 0
github.com/gosharplite/tell-me-go/internal/tools/system.go:765.4,765.83 1 0
github.com/gosharplite/tell-me-go/internal/tools/system.go:767.3,772.17 4 1
github.com/gosharplite/tell-me-go/internal/tools/system.go:772.17,774.4 1 1
github.com/gosharplite/tell-me-go/internal/tools/system.go:775.3,775.18 1 0
github.com/gosharplite/tell-me-go/internal/tools/system.go:775.18,777.4 1 0
github.com/gosharplite/tell-me-go/internal/tools/system.go:780.2,780.15 1 1
github.com/gosharplite/tell-me-go/internal/tools/system.go:780.15,782.3 1 0
github.com/gosharplite/tell-me-go/internal/tools/system.go:785.2,786.27 2 1
github.com/gosharplite/tell-me-go/internal/tools/system.go:786.27,788.3 1 1
github.com/gosharplite/tell-me-go/internal/tools/system.go:789.2,796.16 5 1
github.com/gosharplite/tell-me-go/internal/tools/system.go:796.16,798.3 1 0
github.com/gosharplite/tell-me-go/internal/tools/system.go:799.2,799.21 1 1
github.com/gosharplite/tell-me-go/internal/tools/system.go:799.21,801.3 1 0
github.com/gosharplite/tell-me-go/internal/tools/system.go:804.2,814.22 8 1
github.com/gosharplite/tell-me-go/internal/tools/system.go:814.22,816.17 2 0
github.com/gosharplite/tell-me-go/internal/tools/system.go:816.17,818.4 1 0
github.com/gosharplite/tell-me-go/internal/tools/system.go:818.9,820.4 1 0
github.com/gosharplite/tell-me-go/internal/tools/system.go:821.3,823.17 3 0
github.com/gosharplite/tell-me-go/internal/tools/system.go:823.17,825.4 1 0
github.com/gosharplite/tell-me-go/internal/tools/system.go:826.3,826.21 1 0
github.com/gosharplite/tell-me-go/internal/tools/system.go:829.2,829.36 1 1
github.com/gosharplite/tell-me-go/internal/tools/system.go:829.36,831.3 1 0
github.com/gosharplite/tell-me-go/internal/tools/system.go:833.2,834.21 2 1
github.com/gosharplite/tell-me-go/internal/tools/system.go:834.21,837.28 3 1
github.com/gosharplite/tell-me-go/internal/tools/system.go:837.28,839.4 1 1
github.com/gosharplite/tell-me-go/internal/tools/system.go:840.3,840.18 1 1
github.com/gosharplite/tell-me-go/internal/tools/system.go:840.18,842.4 1 0
github.com/gosharplite/tell-me-go/internal/tools/system.go:845.2,845.38 1 1
github.com/gosharplite/tell-me-go/internal/tools/system.go:845.38,847.30 2 0
github.com/gosharplite/tell-me-go/internal/tools/system.go:847.30,849.4 1 0
github.com/gosharplite/tell-me-go/internal/tools/system.go:850.3,851.33 2 0
github.com/gosharplite/tell-me-go/internal/tools/system.go:854.2,858.25 4 1
github.com/gosharplite/tell-me-go/internal/tools/system.go:858.25,860.3 1 0
github.com/gosharplite/tell-me-go/internal/tools/system.go:862.2,862.16 1 1
github.com/gosharplite/tell-me-go/internal/tools/system.go:862.16,864.3 1 0
github.com/gosharplite/tell-me-go/internal/tools/system.go:866.2,866.86 1 1
github.com/gosharplite/tell-me-go/internal/tools/system.go:869.114,879.53 4 1
github.com/gosharplite/tell-me-go/internal/tools/system.go:879.53,881.3 1 0
github.com/gosharplite/tell-me-go/internal/tools/system.go:883.2,884.23 2 1
github.com/gosharplite/tell-me-go/internal/tools/system.go:884.23,886.3 1 1
github.com/gosharplite/tell-me-go/internal/tools/system.go:888.2,892.22 4 1
github.com/gosharplite/tell-me-go/internal/tools/system.go:892.22,893.57 1 0
github.com/gosharplite/tell-me-go/internal/tools/system.go:893.57,895.4 1 0
github.com/gosharplite/tell-me-go/internal/tools/system.go:899.2,900.31 2 1
github.com/gosharplite/tell-me-go/internal/tools/system.go:900.31,901.28 1 1
github.com/gosharplite/tell-me-go/internal/tools/system.go:901.28,903.9 2 1
github.com/gosharplite/tell-me-go/internal/tools/system.go:907.2,908.27 2 1
github.com/gosharplite/tell-me-go/internal/tools/system.go:908.27,911.3 2 0
github.com/gosharplite/tell-me-go/internal/tools/system.go:911.8,911.20 1 1
github.com/gosharplite/tell-me-go/internal/tools/system.go:911.20,914.3 2 1
github.com/gosharplite/tell-me-go/internal/tools/system.go:914.8,916.19 2 1
github.com/gosharplite/tell-me-go/internal/tools/system.go:916.19,918.4 1 0
github.com/gosharplite/tell-me-go/internal/tools/system.go:919.3,919.23 1 1
github.com/gosharplite/tell-me-go/internal/tools/system.go:919.23,921.18 2 0
github.com/gosharplite/tell-me-go/internal/tools/system.go:921.18,923.5 1 0
github.com/gosharplite/tell-me-go/internal/tools/system.go:924.4,924.96 1 0
github.com/gosharplite/tell-me-go/internal/tools/system.go:926.3,930.17 4 1
github.com/gosharplite/tell-me-go/internal/tools/system.go:930.17,932.4 1 1
github.com/gosharplite/tell-me-go/internal/tools/system.go:933.3,933.18 1 0
github.com/gosharplite/tell-me-go/internal/tools/system.go:933.18,935.4 1 0
github.com/gosharplite/tell-me-go/internal/tools/system.go:938.2,938.15 1 1
github.com/gosharplite/tell-me-go/internal/tools/system.go:938.15,940.3 1 0
github.com/gosharplite/tell-me-go/internal/tools/system.go:942.2,951.34 7 1
github.com/gosharplite/tell-me-go/internal/tools/system.go:951.34,953.17 2 1
github.com/gosharplite/tell-me-go/internal/tools/system.go:953.17,955.4 1 0
github.com/gosharplite/tell-me-go/internal/tools/system.go:956.3,956.22 1 1
github.com/gosharplite/tell-me-go/internal/tools/system.go:956.22,958.4 1 0
github.com/gosharplite/tell-me-go/internal/tools/system.go:959.3,963.40 3 1
github.com/gosharplite/tell-me-go/internal/tools/system.go:967.2,968.33 2 1
github.com/gosharplite/tell-me-go/internal/tools/system.go:968.33,970.3 1 1
github.com/gosharplite/tell-me-go/internal/tools/system.go:971.2,971.15 1 1
github.com/gosharplite/tell-me-go/internal/tools/system.go:971.15,972.27 1 1
github.com/gosharplite/tell-me-go/internal/tools/system.go:972.27,974.4 1 0
github.com/gosharplite/tell-me-go/internal/tools/system.go:978.2,978.35 1 1
github.com/gosharplite/tell-me-go/internal/tools/system.go:978.35,980.17 2 1
github.com/gosharplite/tell-me-go/internal/tools/system.go:980.17,982.4 1 0
github.com/gosharplite/tell-me-go/internal/tools/system.go:983.3,984.25 2 1
github.com/gosharplite/tell-me-go/internal/tools/system.go:987.2,994.22 6 1
github.com/gosharplite/tell-me-go/internal/tools/system.go:994.22,996.17 2 0
github.com/gosharplite/tell-me-go/internal/tools/system.go:996.17,998.4 1 0
github.com/gosharplite/tell-me-go/internal/tools/system.go:998.9,1000.4 1 0
github.com/gosharplite/tell-me-go/internal/tools/system.go:1001.3,1003.17 3 0
github.com/gosharplite/tell-me-go/internal/tools/system.go:1003.17,1005.4 1 0
github.com/gosharplite/tell-me-go/internal/tools/system.go:1006.3,1006.21 1 0
github.com/gosharplite/tell-me-go/internal/tools/system.go:1010.2,1010.33 1 1
github.com/gosharplite/tell-me-go/internal/tools/system.go:1010.33,1011.41 1 1
github.com/gosharplite/tell-me-go/internal/tools/system.go:1011.41,1013.4 1 0
github.com/gosharplite/tell-me-go/internal/tools/system.go:1017.2,1020.33 4 1
github.com/gosharplite/tell-me-go/internal/tools/system.go:1020.33,1022.33 2 1
github.com/gosharplite/tell-me-go/internal/tools/system.go:1022.33,1025.23 3 1
github.com/gosharplite/tell-me-go/internal/tools/system.go:1025.23,1029.47 4 0
github.com/gosharplite/tell-me-go/internal/tools/system.go:1029.47,1031.6 1 0
github.com/gosharplite/tell-me-go/internal/tools/system.go:1032.5,1032.22 1 0
github.com/gosharplite/tell-me-go/internal/tools/system.go:1034.4,1034.40 1 1
github.com/gosharplite/tell-me-go/internal/tools/system.go:1034.40,1040.5 5 0
github.com/gosharplite/tell-me-go/internal/tools/system.go:1045.2,1046.27 2 1
github.com/gosharplite/tell-me-go/internal/tools/system.go:1046.27,1049.33 3 1
github.com/gosharplite/tell-me-go/internal/tools/system.go:1049.33,1051.4 1 1
github.com/gosharplite/tell-me-go/internal/tools/system.go:1052.3,1052.18 1 1
github.com/gosharplite/tell-me-go/internal/tools/system.go:1052.18,1054.4 1 0
github.com/gosharplite/tell-me-go/internal/tools/system.go:1057.2,1057.44 1 1
github.com/gosharplite/tell-me-go/internal/tools/system.go:1057.44,1059.30 2 0
github.com/gosharplite/tell-me-go/internal/tools/system.go:1059.30,1061.4 1 0
github.com/gosharplite/tell-me-go/internal/tools/system.go:1062.3,1063.29 2 0
github.com/gosharplite/tell-me-go/internal/tools/system.go:1067.2,1075.38 4 1
github.com/gosharplite/tell-me-go/internal/tools/system.go:1075.38,1077.37 2 1
github.com/gosharplite/tell-me-go/internal/tools/system.go:1077.37,1079.4 1 0
github.com/gosharplite/tell-me-go/internal/tools/system.go:1082.2,1088.18 5 1
github.com/gosharplite/tell-me-go/internal/tools/system.go:1088.18,1090.3 1 0
github.com/gosharplite/tell-me-go/internal/tools/system.go:1092.2,1092.27 1 1
github.com/gosharplite/tell-me-go/internal/tools/system.go:1092.27,1094.3 1 0
github.com/gosharplite/tell-me-go/internal/tools/system.go:1096.2,1096.20 1 1
github.com/gosharplite/tell-me-go/internal/tools/system.go:1096.20,1098.3 1 0
github.com/gosharplite/tell-me-go/internal/tools/system.go:1100.2,1100.112 1 1
github.com/gosharplite/tell-me-go/internal/tools/system.go:1103.49,1105.16 2 1
github.com/gosharplite/tell-me-go/internal/tools/system.go:1105.16,1107.3 1 1
github.com/gosharplite/tell-me-go/internal/tools/system.go:1108.2,1108.19 1 1
github.com/gosharplite/tell-me-go/internal/tools/system.go:1111.60,1121.35 3 1
github.com/gosharplite/tell-me-go/internal/tools/system.go:1121.35,1123.3 1 1
github.com/gosharplite/tell-me-go/internal/tools/system.go:1124.2,1127.25 2 1
github.com/gosharplite/tell-me-go/internal/tools/system.go:1127.25,1129.3 1 1
github.com/gosharplite/tell-me-go/internal/tools/system.go:1132.2,1132.19 1 1
github.com/gosharplite/tell-me-go/internal/tools/system.go:1132.19,1134.35 2 1
github.com/gosharplite/tell-me-go/internal/tools/system.go:1134.35,1135.40 1 1
github.com/gosharplite/tell-me-go/internal/tools/system.go:1135.40,1137.67 1 0
github.com/gosharplite/tell-me-go/internal/tools/system.go:1137.67,1139.6 1 0
github.com/gosharplite/tell-me-go/internal/tools/system.go:1140.5,1140.13 1 0
github.com/gosharplite/tell-me-go/internal/tools/system.go:1142.4,1143.9 2 1
github.com/gosharplite/tell-me-go/internal/tools/system.go:1146.3,1146.16 1 1
github.com/gosharplite/tell-me-go/internal/tools/system.go:1146.16,1148.4 1 0
github.com/gosharplite/tell-me-go/internal/tools/system.go:1150.3,1155.24 2 1
github.com/gosharplite/tell-me-go/internal/tools/system.go:1155.24,1157.4 1 0
github.com/gosharplite/tell-me-go/internal/tools/system.go:1161.2,1161.18 1 1
github.com/gosharplite/tell-me-go/internal/tools/system.go:1161.18,1163.35 2 1
github.com/gosharplite/tell-me-go/internal/tools/system.go:1163.35,1164.40 1 1
github.com/gosharplite/tell-me-go/internal/tools/system.go:1164.40,1165.13 1 0
github.com/gosharplite/tell-me-go/internal/tools/system.go:1167.4,1168.9 2 1
github.com/gosharplite/tell-me-go/internal/tools/system.go:1170.3,1174.22 2 1
github.com/gosharplite/tell-me-go/internal/tools/system.go:1174.22,1176.4 1 1
github.com/gosharplite/tell-me-go/internal/tools/system.go:1181.2,1182.35 2 1
github.com/gosharplite/tell-me-go/internal/tools/system.go:1182.35,1183.38 1 1
github.com/gosharplite/tell-me-go/internal/tools/system.go:1183.38,1185.4 1 1
github.com/gosharplite/tell-me-go/internal/tools/system.go:1189.2,1189.34 1 1
github.com/gosharplite/tell-me-go/internal/tools/system.go:1189.34,1191.78 2 1
github.com/gosharplite/tell-me-go/internal/tools/system.go:1191.78,1193.12 1 1
github.com/gosharplite/tell-me-go/internal/tools/system.go:1196.3,1196.37 1 1
github.com/gosharplite/tell-me-go/internal/tools/system.go:1196.37,1197.12 1 1
github.com/gosharplite/tell-me-go/internal/tools/system.go:1200.3,1200.64 1 1
github.com/gosharplite/tell-me-go/internal/tools/system.go:1200.64,1202.4 1 0
github.com/gosharplite/tell-me-go/internal/tools/system.go:1204.3,1204.46 1 1
github.com/gosharplite/tell-me-go/internal/tools/system.go:1204.46,1206.94 1 1
github.com/gosharplite/tell-me-go/internal/tools/system.go:1206.94,1209.5 2 1
github.com/gosharplite/tell-me-go/internal/tools/system.go:1213.2,1213.13 1 1
github.com/gosharplite/tell-me-go/internal/tools/teams.go:22.59,42.2 2 1
github.com/gosharplite/tell-me-go/internal/tools/teams.go:44.117,49.53 2 1
github.com/gosharplite/tell-me-go/internal/tools/teams.go:49.53,51.3 1 0
github.com/gosharplite/tell-me-go/internal/tools/teams.go:53.2,56.39 3 1
github.com/gosharplite/tell-me-go/internal/tools/teams.go:56.39,58.3 1 0
github.com/gosharplite/tell-me-go/internal/tools/teams.go:61.2,62.16 2 1
github.com/gosharplite/tell-me-go/internal/tools/teams.go:62.16,64.3 1 0
github.com/gosharplite/tell-me-go/internal/tools/teams.go:65.2,65.15 1 1
github.com/gosharplite/tell-me-go/internal/tools/teams.go:65.15,67.3 1 0
github.com/gosharplite/tell-me-go/internal/tools/teams.go:69.2,82.16 3 1
github.com/gosharplite/tell-me-go/internal/tools/teams.go:82.16,84.3 1 0
github.com/gosharplite/tell-me-go/internal/tools/teams.go:86.2,90.16 5 1
github.com/gosharplite/tell-me-go/internal/tools/teams.go:90.16,92.3 1 0
github.com/gosharplite/tell-me-go/internal/tools/teams.go:93.2,95.53 2 1
github.com/gosharplite/tell-me-go/internal/tools/teams.go:95.53,97.3 1 1
github.com/gosharplite/tell-me-go/internal/tools/teams.go:99.2,99.109 1 0
github.com/gosharplite/tell-me-go/internal/tools/tools.go:39.30,44.2 1 1
github.com/gosharplite/tell-me-go/internal/tools/tools.go:47.75,49.2 1 1
github.com/gosharplite/tell-me-go/internal/tools/tools.go:52.104,59.2 2 1
github.com/gosharplite/tell-me-go/internal/tools/tools.go:62.63,64.2 1 1
github.com/gosharplite/tell-me-go/internal/tools/tools.go:67.117,69.9 2 1
github.com/gosharplite/tell-me-go/internal/tools/tools.go:69.9,71.3 1 1
github.com/gosharplite/tell-me-go/internal/tools/tools.go:72.2,72.33 1 1
github.com/gosharplite/tell-me-go/internal/tools/tools.go:76.47,77.38 1 1
github.com/gosharplite/tell-me-go/internal/tools/tools.go:77.38,79.3 1 1
github.com/gosharplite/tell-me-go/internal/tools/tools.go:80.2,80.14 1 1
github.com/gosharplite/tell-me-go/internal/tools/tools.go:84.52,85.38 1 0
github.com/gosharplite/tell-me-go/internal/tools/tools.go:85.38,87.3 1 0
github.com/gosharplite/tell-me-go/internal/tools/tools.go:88.2,88.14 1 0
github.com/gosharplite/tell-me-go/internal/tools/tools.go:92.75,94.16 2 1
github.com/gosharplite/tell-me-go/internal/tools/tools.go:94.16,96.3 1 0
github.com/gosharplite/tell-me-go/internal/tools/tools.go:97.2,97.34 1 1
